MET -> 01_images/met
  [met] dept6 'Yuan': 335
  [met] dept6 'Mongol': 53
  [met] dept6 'nasij': 1
  [met] dept6 'paiza': 1
  [met] dept6 'textile': 60
  [met] dept6 'silk': 183
  [met] dept6 'robe': 36
  [met] dept6 'portrait': 37
  [met] dept6 'kesi': 5
  [met] dept6 'gold': 97
  [met] dept14 'Mongol': 59
  [met] dept14 'Ilkhanid': 99
  [met] dept14 'Yuan': 7
  [met] dept14 'nasij': 1
  [met] dept14 'textile': 103
  [met] dept14 'silk': 68
  [met] dept14 'cloth of gold': 186
  [met] dept4 'Mongol': 1
  [met] dept4 'Yuan': 0
  [met] dept4 'Asian': 5
  [met] dept8 'Mongol': 0
  [met] dept8 'Yuan': 0
  [met] union candidates: 804
    met_22506_Armor__i_Yoroi_i__of_Ashikaga_Takauji__1305_1358_00.jpg    2.8MB
    met_22506_Armor__i_Yoroi_i__of_Ashikaga_Takauji__1305_1358_01.jpg    2.4MB
    met_22506_Armor__i_Yoroi_i__of_Ashikaga_Takauji__1305_1358_02.jpg    2.1MB
    met_22506_Armor__i_Yoroi_i__of_Ashikaga_Takauji__1305_1358_03.jpg    2.7MB
    met_22506_Armor__i_Yoroi_i__of_Ashikaga_Takauji__1305_1358_04.jpg    2.4MB
    met_22506_Armor__i_Yoroi_i__of_Ashikaga_Takauji__1305_1358_05.jpg    1.4MB
    met_22506_Armor__i_Yoroi_i__of_Ashikaga_Takauji__1305_1358_06.jpg    7.7MB
  [met] 0/804 scanned, 7 imgs
    met_35694_Armor__i_Yoroi_i__of_Ashikaga_Takauji__1305_1358_00.jpg    2.8MB
    met_35694_Armor__i_Yoroi_i__of_Ashikaga_Takauji__1305_1358_01.jpg    2.4MB
    met_35694_Armor__i_Yoroi_i__of_Ashikaga_Takauji__1305_1358_02.jpg    2.1MB
    met_35694_Armor__i_Yoroi_i__of_Ashikaga_Takauji__1305_1358_03.jpg    2.7MB
    met_35694_Armor__i_Yoroi_i__of_Ashikaga_Takauji__1305_1358_04.jpg    2.4MB
    met_35694_Armor__i_Yoroi_i__of_Ashikaga_Takauji__1305_1358_05.jpg    1.4MB
    met_35694_Armor__i_Yoroi_i__of_Ashikaga_Takauji__1305_1358_06.jpg    4.0MB
    met_35694_Armor__i_Yoroi_i__of_Ashikaga_Takauji__1305_1358_07.jpg    7.7MB
    met_35694_Armor__i_Yoroi_i__of_Ashikaga_Takauji__1305_1358_08.jpg    4.7MB
    met_35694_Armor__i_Yoroi_i__of_Ashikaga_Takauji__1305_1358_09.jpg    4.7MB
    met_36004_Sheep_and_herd_boy_00.jpg                                  3.3MB
    met_36005_Mountain_Market__Clearing_Mist_00.jpg                      0.5MB
    met_36005_Mountain_Market__Clearing_Mist_01.jpg                      1.3MB
    met_36005_Mountain_Market__Clearing_Mist_02.jpg                      3.3MB
    met_36005_Mountain_Market__Clearing_Mist_03.jpg                      3.1MB
    met_36005_Mountain_Market__Clearing_Mist_04.jpg                      3.2MB
    met_36006_Narcissus_00.jpg                                           4.3MB
    met_36006_Narcissus_01.jpg                                           1.8MB
    met_36007_Waiting_for_the_Ferry_00.jpg                               4.5MB
    met_36007_Waiting_for_the_Ferry_01.jpg                               1.0MB
    met_36029_Water-moon_Avalokiteshvara_00.jpg                          2.9MB
    met_36029_Water-moon_Avalokiteshvara_01.jpg                          2.2MB
    met_36029_Water-moon_Avalokiteshvara_02.jpg                          4.9MB
    met_36029_Water-moon_Avalokiteshvara_03.jpg                          5.3MB
    met_36029_Water-moon_Avalokiteshvara_04.jpg                          4.2MB
    met_36033_One_hundred_water_buffalo_00.jpg                           0.2MB
    met_36033_One_hundred_water_buffalo_01.jpg                           4.3MB
    met_36033_One_hundred_water_buffalo_02.jpg                           2.7MB
    met_36033_One_hundred_water_buffalo_03.jpg                           1.8MB
    met_36033_One_hundred_water_buffalo_04.jpg                           1.6MB
    met_36033_One_hundred_water_buffalo_05.jpg                           1.7MB
    met_36033_One_hundred_water_buffalo_06.jpg                           1.7MB
    met_36033_One_hundred_water_buffalo_07.jpg                           1.7MB
    met_36033_One_hundred_water_buffalo_08.jpg                           1.8MB
    met_36033_One_hundred_water_buffalo_09.jpg                           1.8MB
    met_36033_One_hundred_water_buffalo_10.jpg                           1.9MB
    met_36033_One_hundred_water_buffalo_11.jpg                           2.5MB
    met_36037_Viewing_the_Moon_under_a_Pine_Tree_00.jpg                  3.6MB
    met_36041_Portrait_of_a_Lady_00.JPG                                  0.1MB
    met_36042_Dragon_and_Landscape_00.jpg                                2.6MB
    met_36042_Dragon_and_Landscape_01.jpg                                2.8MB
    met_36042_Dragon_and_Landscape_02.jpg                                3.2MB
    met_36042_Dragon_and_Landscape_03.jpg                                1.9MB
    met_36042_Dragon_and_Landscape_04.jpg                                1.5MB
    met_36042_Dragon_and_Landscape_05.jpg                                2.0MB
    met_36042_Dragon_and_Landscape_06.jpg                                2.0MB
    met_36042_Dragon_and_Landscape_07.jpg                                2.1MB
    met_36042_Dragon_and_Landscape_08.jpg                                2.2MB
    met_36042_Dragon_and_Landscape_09.jpg                                2.9MB
    met_36042_Dragon_and_Landscape_10.jpg                                0.9MB
    met_36052_Conversation_in_a_cave_00.jpg                              2.6MB
    met_36052_Conversation_in_a_cave_01.jpg                              16.5MB
    met_36052_Conversation_in_a_cave_02.jpg                              16.5MB
    met_36055_Landscape_with_great_pine_00.jpg                           3.8MB
    met_36056_Towing_a_Boat_in_a_Rainstorm_00.jpg                        3.3MB
    met_36057_Bhadra__The_Sixth_Luohan_00.jpg                            2.0MB
    met_36057_Bhadra__The_Sixth_Luohan_01.jpg                            1.0MB
    met_36057_Bhadra__The_Sixth_Luohan_02.jpg                            3.0MB
    met_36063_Wild_Geese_in_Winter_00.jpg                                2.2MB
    met_36064_Winter_Landscape_00.jpg                                    1.5MB
    met_36137_Gibbons_and_Deer_00.jpg                                    3.7MB
    met_36141_Returning_Home_in_a_Driving_Rain_00.jpg                    4.1MB
    met_36141_Returning_Home_in_a_Driving_Rain_01.jpg                    4.0MB
    met_36143_White-robed_Kannon_00.jpg                                  2.4MB
    met_36143_White-robed_Kannon_01.jpg                                  1.3MB
    met_36430_Tiger_00.jpg                                               4.5MB
    met_36430_Tiger_01.jpg                                               2.5MB
    met_36430_Tiger_02.jpg                                               3.7MB
    met_36430_Tiger_03.jpg                                               3.7MB
    met_36431_Dragon_00.jpg                                              4.6MB
    met_36431_Dragon_01.jpg                                              2.5MB
    met_36431_Dragon_02.jpg                                              3.7MB
    met_36431_Dragon_03.jpg                                              3.7MB
    met_36437_Lotus_and_waterbirds_00.jpg                                1.9MB
    met_36437_Lotus_and_waterbirds_01.jpg                                1.0MB
    met_36437_Lotus_and_waterbirds_02.jpg                                2.0MB
    met_36437_Lotus_and_waterbirds_03.jpg                                FAIL URLError
    met_36437_Lotus_and_waterbirds_04.jpg                                1.9MB
    met_36459_Peahen_and_hibiscus_00.jpg                                 1.9MB
    met_36459_Peahen_and_hibiscus_01.JPG                                 0.6MB
    met_37614_Vajrabhairava_mandala_00.jpg                               5.9MB
    met_37614_Vajrabhairava_mandala_01.jpg                               6.5MB
    met_37614_Vajrabhairava_mandala_02.jpg                               6.5MB
    met_37614_Vajrabhairava_mandala_03.jpg                               6.4MB
    met_37614_Vajrabhairava_mandala_04.jpg                               7.2MB
    met_37614_Vajrabhairava_mandala_05.jpg                               7.8MB
    met_37614_Vajrabhairava_mandala_06.jpg                               8.2MB
    met_37614_Vajrabhairava_mandala_07.jpg                               8.7MB
    met_37614_Vajrabhairava_mandala_08.jpg                               0.2MB
    met_37614_Vajrabhairava_mandala_09.jpg                               0.1MB
    met_39482_Mandala_of_Wakamiya_of_Kasuga_Shrine__Kasuga_wakamiya_ma   3.2MB
    met_39482_Mandala_of_Wakamiya_of_Kasuga_Shrine__Kasuga_wakamiya_ma   2.3MB
    met_39495_Textile_with_Aquatic_Birds_and_Recumbent_Animal_00.jpg     2.7MB
    met_39495_Textile_with_Aquatic_Birds_and_Recumbent_Animal_01.jpg     2.8MB
    met_39495_Textile_with_Aquatic_Birds_and_Recumbent_Animal_02.jpg     0.5MB
    met_39495_Textile_with_Aquatic_Birds_and_Recumbent_Animal_03.jpg     0.7MB
    met_39495_Textile_with_Aquatic_Birds_and_Recumbent_Animal_04.jpg     4.6MB
    met_39522_Service_vessel_with_bamboo__plum_blossoms__butterflies__   0.6MB
    met_39522_Service_vessel_with_bamboo__plum_blossoms__butterflies__   1.5MB
    met_39522_Service_vessel_with_bamboo__plum_blossoms__butterflies__   1.4MB
    met_39530_Dish_with_floral_pattern_00.jpg                            1.5MB
    met_39530_Dish_with_floral_pattern_01.jpg                            1.7MB
    met_39531_Bottle_with_abstract_flowers_and_leaves_00.jpg             0.1MB
    met_39545_Liu_Chen_and_Ruan_Zhao_Entering_the_Tiantai_Mountains_00   1.1MB
    met_39545_Liu_Chen_and_Ruan_Zhao_Entering_the_Tiantai_Mountains_01   2.5MB
    met_39545_Liu_Chen_and_Ruan_Zhao_Entering_the_Tiantai_Mountains_02   2.5MB
    met_39545_Liu_Chen_and_Ruan_Zhao_Entering_the_Tiantai_Mountains_03   2.4MB
    met_39545_Liu_Chen_and_Ruan_Zhao_Entering_the_Tiantai_Mountains_04   2.4MB
    met_39545_Liu_Chen_and_Ruan_Zhao_Entering_the_Tiantai_Mountains_05   2.3MB
    met_39545_Liu_Chen_and_Ruan_Zhao_Entering_the_Tiantai_Mountains_06   2.4MB
    met_39545_Liu_Chen_and_Ruan_Zhao_Entering_the_Tiantai_Mountains_07   2.4MB
    met_39545_Liu_Chen_and_Ruan_Zhao_Entering_the_Tiantai_Mountains_08   2.6MB
    met_39545_Liu_Chen_and_Ruan_Zhao_Entering_the_Tiantai_Mountains_09   2.5MB
    met_39545_Liu_Chen_and_Ruan_Zhao_Entering_the_Tiantai_Mountains_10   2.5MB
    met_39545_Liu_Chen_and_Ruan_Zhao_Entering_the_Tiantai_Mountains_11   2.3MB
    met_39545_Liu_Chen_and_Ruan_Zhao_Entering_the_Tiantai_Mountains_12   2.6MB
    met_39545_Liu_Chen_and_Ruan_Zhao_Entering_the_Tiantai_Mountains_13   2.4MB
    met_39545_Liu_Chen_and_Ruan_Zhao_Entering_the_Tiantai_Mountains_14   3.1MB
    met_39545_Liu_Chen_and_Ruan_Zhao_Entering_the_Tiantai_Mountains_15   0.2MB
    met_39546_Bamboo_copied_after_Wen_Tong_00.jpg                        2.1MB
    met_39546_Bamboo_copied_after_Wen_Tong_01.jpg                        0.8MB
    met_39547_Bamboo__old_tree__and_rock_00.jpg                          1.6MB
    met_39547_Bamboo__old_tree__and_rock_01.jpg                          0.9MB
    met_39547_Bamboo__old_tree__and_rock_02.jpg                          2.1MB
    met_39548_Rocky_Landscape_with_Pines_00.jpg                          1.3MB
    met_39548_Rocky_Landscape_with_Pines_01.jpg                          4.1MB
    met_39549_Traveling_through_Snow-Covered_Mountains_00.jpg            1.8MB
    met_39549_Traveling_through_Snow-Covered_Mountains_01.jpg            0.7MB
    met_39550_Simple_Retreat_00.jpg                                      1.6MB
    met_39550_Simple_Retreat_01.jpg                                      0.7MB
    met_39550_Simple_Retreat_02.jpg                                      2.9MB
    met_39550_Simple_Retreat_03.jpg                                      5.2MB
    met_39550_Simple_Retreat_04.jpg                                      5.1MB
    met_39550_Simple_Retreat_05.jpg                                      2.5MB
    met_39564_Tea_bowl_00.jpg                                            1.6MB
    met_39564_Tea_bowl_01.jpg                                            1.7MB
  [met] 50/804 scanned, 142 imgs
    met_39624_Safe_Conduct_Pass__Paiza__with_Inscription_in_Phakpa_Scr   1.8MB
    met_39624_Safe_Conduct_Pass__Paiza__with_Inscription_in_Phakpa_Scr   1.7MB
    met_39638_Plate_with_fish_00.jpg                                     2.4MB
    met_39638_Plate_with_fish_01.jpg                                     1.7MB
    met_39646_Box_with_pommel_scroll_00.jpg                              1.8MB
    met_39657_Scholars_of_the_Liuli_Hall_00.jpg                          3.2MB
    met_39657_Scholars_of_the_Liuli_Hall_01.jpg                          0.5MB
    met_39657_Scholars_of_the_Liuli_Hall_02.jpg                          1.7MB
    met_39657_Scholars_of_the_Liuli_Hall_03.jpg                          1.9MB
    met_39657_Scholars_of_the_Liuli_Hall_04.jpg                          2.3MB
    met_39657_Scholars_of_the_Liuli_Hall_05.jpg                          2.3MB
    met_39657_Scholars_of_the_Liuli_Hall_06.jpg                          2.3MB
    met_39657_Scholars_of_the_Liuli_Hall_07.jpg                          2.2MB
    met_39657_Scholars_of_the_Liuli_Hall_08.jpg                          2.3MB
    met_39657_Scholars_of_the_Liuli_Hall_09.jpg                          0.4MB
    met_39657_Scholars_of_the_Liuli_Hall_10.jpg                          4.9MB
    met_39657_Scholars_of_the_Liuli_Hall_11.jpg                          5.3MB
    met_39669_Taima_Mandala_00.jpg                                       6.1MB
    met_39669_Taima_Mandala_01.jpg                                       2.9MB
    met_39669_Taima_Mandala_02.jpg                                       6.2MB
    met_39669_Taima_Mandala_03.jpg                                       6.0MB
    met_39669_Taima_Mandala_04.jpg                                       6.3MB
    met_39669_Taima_Mandala_05.jpg                                       4.0MB
    met_39675_Tray_with_lotus_petal_rim_00.jpg                           1.7MB
    met_39675_Tray_with_lotus_petal_rim_01.jpg                           1.3MB
    met_39680_Dish_with_peonies_00.jpg                                   1.4MB
    met_39680_Dish_with_peonies_01.jpg                                   1.0MB
    met_39684_Guri_lacquer_cup_00.jpg                                    1.2MB
    met_39684_Guri_lacquer_cup_01.jpg                                    1.6MB
    met_39705_Stem_cup_with_stylized_clouds_00.jpg                       1.3MB
    met_39705_Stem_cup_with_stylized_clouds_01.jpg                       1.4MB
    met_39712_Embroidered_Patchwork_Panel_00.jpg                         0.1MB
    met_39712_Embroidered_Patchwork_Panel_01.jpg                         0.4MB
    met_39712_Embroidered_Patchwork_Panel_02.jpg                         1.0MB
    met_39712_Embroidered_Patchwork_Panel_03.jpg                         1.0MB
    met_39712_Embroidered_Patchwork_Panel_04.jpg                         2.5MB
    met_39712_Embroidered_Patchwork_Panel_05.jpg                         2.5MB
    met_39712_Embroidered_Patchwork_Panel_06.jpg                         2.3MB
    met_39712_Embroidered_Patchwork_Panel_07.jpg                         2.2MB
    met_39712_Embroidered_Patchwork_Panel_08.jpg                         2.6MB
    met_39712_Embroidered_Patchwork_Panel_09.jpg                         2.5MB
    met_39712_Embroidered_Patchwork_Panel_10.jpg                         2.5MB
    met_39712_Embroidered_Patchwork_Panel_11.jpg                         2.3MB
    met_39712_Embroidered_Patchwork_Panel_12.jpg                         2.3MB
    met_39712_Embroidered_Patchwork_Panel_13.jpg                         2.3MB
    met_39712_Embroidered_Patchwork_Panel_14.jpg                         1.8MB
    met_39712_Embroidered_Patchwork_Panel_15.jpg                         0.8MB
    met_39712_Embroidered_Patchwork_Panel_16.jpg                         0.3MB
    met_39712_Embroidered_Patchwork_Panel_17.jpg                         1.1MB
    met_39712_Embroidered_Patchwork_Panel_18.jpg                         1.1MB
    met_39712_Embroidered_Patchwork_Panel_19.jpg                         0.1MB
    met_39712_Embroidered_Patchwork_Panel_20.jpg                         0.9MB
    met_39712_Embroidered_Patchwork_Panel_21.jpg                         0.1MB
    met_39712_Embroidered_Patchwork_Panel_22.jpg                         1.1MB
    met_39712_Embroidered_Patchwork_Panel_23.jpg                         0.1MB
    met_39712_Embroidered_Patchwork_Panel_24.jpg                         1.0MB
    met_39712_Embroidered_Patchwork_Panel_25.jpg                         0.1MB
    met_39712_Embroidered_Patchwork_Panel_26.jpg                         0.9MB
    met_39726_Textile_with_Floral_Pattern_00.jpg                         4.4MB
    met_39727_Woven_Textile_with_Small_Scale_Floral_Pattern_00.jpg       2.5MB
    met_39732_Dragons_Chasing_Flaming_Pearls_00.jpg                      6.2MB
    met_39736_Panel_with_Phoenixes_and_Flowers_00.jpg                    2.7MB
    met_39738_Cosmological_Mandala_with_Mount_Meru_00.jpg                2.0MB
    met_39738_Cosmological_Mandala_with_Mount_Meru_01.jpg                4.8MB
    met_39738_Cosmological_Mandala_with_Mount_Meru_02.jpg                1.1MB
    met_39738_Cosmological_Mandala_with_Mount_Meru_03.jpg                6.7MB
    met_39738_Cosmological_Mandala_with_Mount_Meru_04.jpg                6.7MB
    met_39738_Cosmological_Mandala_with_Mount_Meru_05.jpg                4.1MB
    met_39738_Cosmological_Mandala_with_Mount_Meru_06.jpg                4.1MB
    met_39739_Textile_with_Phoenix__Winged_Animal_and_Flowers_00.jpg     5.9MB
    met_39739_Textile_with_Phoenix__Winged_Animal_and_Flowers_01.jpg     5.4MB
    met_39827_Textile_fragment_with_swastika_pattern_00.jpg              5.9MB
    met_39827_Textile_fragment_with_swastika_pattern_01.jpg              6.6MB
    met_39827_Textile_fragment_with_swastika_pattern_02.jpg              6.0MB
    met_39828_Textile_fragment_with_floral_scroll_00.JPG                 0.0MB
    met_39828_Textile_fragment_with_floral_scroll_01.jpg                 2.8MB
    met_39828_Textile_fragment_with_floral_scroll_02.jpg                 3.1MB
    met_39829_Cloth_of_Gold_and_Associated_Border_Fragments_00.jpg       0.1MB
    met_39829_Cloth_of_Gold_and_Associated_Border_Fragments_01.jpg       0.2MB
    met_39881_Amitabha_and_Kshitigarba_00.jpg                            4.0MB
    met_39881_Amitabha_and_Kshitigarba_01.jpg                            2.3MB
    met_39881_Amitabha_and_Kshitigarba_02.jpg                            4.5MB
    met_39881_Amitabha_and_Kshitigarba_03.jpg                            4.2MB
    met_39881_Amitabha_and_Kshitigarba_04.jpg                            3.8MB
    met_39883_Kshitigarbha_00.jpg                                        3.5MB
    met_39883_Kshitigarbha_01.jpg                                        2.2MB
    met_39883_Kshitigarbha_02.jpg                                        3.9MB
    met_39883_Kshitigarbha_03.jpg                                        5.2MB
    met_39883_Kshitigarbha_04.jpg                                        4.8MB
    met_39920_River_Village_in_Autumn_Dawn_00.jpg                        0.2MB
    met_39920_River_Village_in_Autumn_Dawn_01.jpg                        1.0MB
    met_39920_River_Village_in_Autumn_Dawn_02.jpg                        1.1MB
    met_39920_River_Village_in_Autumn_Dawn_03.jpg                        0.9MB
    met_39920_River_Village_in_Autumn_Dawn_04.jpg                        0.9MB
    met_39920_River_Village_in_Autumn_Dawn_05.jpg                        0.9MB
    met_39920_River_Village_in_Autumn_Dawn_06.jpg                        0.9MB
    met_39920_River_Village_in_Autumn_Dawn_07.jpg                        0.9MB
    met_39920_River_Village_in_Autumn_Dawn_08.jpg                        1.0MB
    met_39920_River_Village_in_Autumn_Dawn_09.jpg                        1.0MB
    met_39920_River_Village_in_Autumn_Dawn_10.jpg                        1.1MB
    met_39920_River_Village_in_Autumn_Dawn_11.jpg                        1.4MB
    met_40078_Two_Birds_on_a_Wintry_Tree_00.jpg                          2.2MB
    met_40080_Fragrant_Snow_at_Broken_Bridge_00.jpg                      1.8MB
    met_40080_Fragrant_Snow_at_Broken_Bridge_01.jpg                      1.6MB
    met_40080_Fragrant_Snow_at_Broken_Bridge_02.jpg                      7.4MB
    met_40080_Fragrant_Snow_at_Broken_Bridge_03.jpg                      6.5MB
    met_40080_Fragrant_Snow_at_Broken_Bridge_04.jpg                      6.4MB
    met_40081_Wang_Xizhi_watching_geese_00.jpg                           2.7MB
    met_40081_Wang_Xizhi_watching_geese_01.jpg                           0.2MB
    met_40081_Wang_Xizhi_watching_geese_02.jpg                           5.4MB
    met_40081_Wang_Xizhi_watching_geese_03.jpg                           2.1MB
    met_40081_Wang_Xizhi_watching_geese_04.jpg                           1.9MB
    met_40081_Wang_Xizhi_watching_geese_05.jpg                           2.0MB
    met_40081_Wang_Xizhi_watching_geese_06.jpg                           2.2MB
    met_40081_Wang_Xizhi_watching_geese_07.jpg                           1.7MB
    met_40081_Wang_Xizhi_watching_geese_08.jpg                           1.4MB
    met_40081_Wang_Xizhi_watching_geese_09.jpg                           1.3MB
    met_40081_Wang_Xizhi_watching_geese_10.jpg                           1.4MB
    met_40081_Wang_Xizhi_watching_geese_11.jpg                           1.4MB
    met_40081_Wang_Xizhi_watching_geese_12.jpg                           1.3MB
    met_40081_Wang_Xizhi_watching_geese_13.jpg                           1.1MB
    met_40081_Wang_Xizhi_watching_geese_14.jpg                           1.2MB
    met_40081_Wang_Xizhi_watching_geese_15.jpg                           1.2MB
    met_40081_Wang_Xizhi_watching_geese_16.jpg                           1.1MB
    met_40081_Wang_Xizhi_watching_geese_17.jpg                           3.4MB
    met_40081_Wang_Xizhi_watching_geese_18.jpg                           4.0MB
    met_40081_Wang_Xizhi_watching_geese_19.jpg                           FAIL InvalidURL
    met_40081_Wang_Xizhi_watching_geese_20.jpg                           FAIL InvalidURL
    met_40086_Scholar_viewing_a_waterfall_00.jpg                         2.8MB
    met_40086_Scholar_viewing_a_waterfall_01.jpg                         7.9MB
    met_40087_Windswept_lakeshore_00.jpg                                 2.6MB
    met_40087_Windswept_lakeshore_01.jpg                                 17.8MB
    met_40088_Boats_Moored_in_Wind_and_Rain_00.jpg                       5.3MB
    met_40089_Men_Watching_a_Waterfall_00.jpg                            2.5MB
    met_40090_Poet_strolling_by_a_marshy_bank_00.jpg                     3.6MB
    met_40090_Poet_strolling_by_a_marshy_bank_01.jpg                     4.4MB
    met_40090_Poet_strolling_by_a_marshy_bank_02.jpg                     4.5MB
    met_40090_Poet_strolling_by_a_marshy_bank_03.jpg                     4.0MB
    met_40091_Early_spring_landscape_00.jpg                              2.5MB
    met_40091_Early_spring_landscape_01.jpg                              5.9MB
    met_40091_Early_spring_landscape_02.jpg                              6.0MB
    met_40092_Boating_by_a_Willow_Bank_00.jpg                            3.2MB
    met_40093_The_Immortal_Lü_Dongbin_Appearing_over_the_Yueyang_Pavil   1.8MB
    met_40093_The_Immortal_Lü_Dongbin_Appearing_over_the_Yueyang_Pavil   3.5MB
    met_40094_Nomads_hunting_with_falcons_00.jpg                         3.2MB
    met_40103_Quatrain_on_spring_s_radiance_00.jpg                       3.2MB
    met_40104_Quatrain_on_yellow_roses_00.jpg                            3.1MB
    met_40105_Poem_of_Farewell_to_Liu_Man_00.jpg                         0.2MB
    met_40105_Poem_of_Farewell_to_Liu_Man_01.jpg                         1.3MB
    met_40105_Poem_of_Farewell_to_Liu_Man_02.jpg                         1.2MB
    met_40105_Poem_of_Farewell_to_Liu_Man_03.jpg                         1.2MB
    met_40105_Poem_of_Farewell_to_Liu_Man_04.jpg                         1.2MB
    met_40105_Poem_of_Farewell_to_Liu_Man_05.jpg                         1.6MB
    met_40105_Poem_of_Farewell_to_Liu_Man_06.jpg                         1.7MB
    met_40107_Quatrain_on_snow-covered_West_Lake_00.jpg                  3.0MB
    met_40133_Orchids_00.jpg                                             4.9MB
    met_40133_Orchids_01.jpg                                             4.9MB
    met_40133_Orchids_02.jpg                                             4.6MB
    met_40133_Orchids_03.jpg                                             4.4MB
    met_40134_The_Pavilion_of_Prince_Teng_00.jpg                         1.8MB
    met_40134_The_Pavilion_of_Prince_Teng_01.jpg                         2.8MB
    met_40134_The_Pavilion_of_Prince_Teng_02.jpg                         2.7MB
    met_40134_The_Pavilion_of_Prince_Teng_03.jpg                         1.9MB
    met_40134_The_Pavilion_of_Prince_Teng_04.jpg                         1.4MB
    met_40134_The_Pavilion_of_Prince_Teng_05.jpg                         1.8MB
    met_40134_The_Pavilion_of_Prince_Teng_06.jpg                         1.7MB
    met_40134_The_Pavilion_of_Prince_Teng_07.jpg                         1.6MB
    met_40134_The_Pavilion_of_Prince_Teng_08.jpg                         1.1MB
    met_40134_The_Pavilion_of_Prince_Teng_09.jpg                         1.1MB
    met_40134_The_Pavilion_of_Prince_Teng_10.jpg                         0.3MB
    met_40134_The_Pavilion_of_Prince_Teng_11.jpg                         0.4MB
    met_40137_Mandala_of_the_Bodhisattva_Monju__Manjushri__of_the_Eigh   3.2MB
    met_40137_Mandala_of_the_Bodhisattva_Monju__Manjushri__of_the_Eigh   2.5MB
    met_40174_Box_with_pommel_scrolls__flowering_plum__and_crescent_mo   0.9MB
    met_40174_Box_with_pommel_scrolls__flowering_plum__and_crescent_mo   0.8MB
    met_40174_Box_with_pommel_scrolls__flowering_plum__and_crescent_mo   0.8MB
    met_40174_Box_with_pommel_scrolls__flowering_plum__and_crescent_mo   1.1MB
    met_40174_Box_with_pommel_scrolls__flowering_plum__and_crescent_mo   1.5MB
    met_40177_Covered_box_with_lotus-petal_rim_00.jpg                    1.0MB
    met_40177_Covered_box_with_lotus-petal_rim_01.jpg                    1.0MB
    met_40177_Covered_box_with_lotus-petal_rim_02.jpg                    1.0MB
    met_40177_Covered_box_with_lotus-petal_rim_03.jpg                    1.0MB
    met_40177_Covered_box_with_lotus-petal_rim_04.jpg                    1.2MB
    met_40177_Covered_box_with_lotus-petal_rim_05.jpg                    1.1MB
    met_40179_Plaque_00.jpg                                              2.9MB
    met_40179_Plaque_01.jpg                                              2.7MB
    met_40180_Quatrain_by_Meng_Haoran_00.jpg                             2.8MB
    met_40181_Rectangular_box_with_pommel_scrolls_00.jpg                 1.4MB
    met_40181_Rectangular_box_with_pommel_scrolls_01.jpg                 1.1MB
    met_40181_Rectangular_box_with_pommel_scrolls_02.jpg                 0.9MB
    met_40181_Rectangular_box_with_pommel_scrolls_03.jpg                 1.1MB
    met_40181_Rectangular_box_with_pommel_scrolls_04.jpg                 0.9MB
    met_40181_Rectangular_box_with_pommel_scrolls_05.jpg                 1.6MB
    met_40182_Tray_with_pommel_scrolls_00.jpg                            1.6MB
    met_40182_Tray_with_pommel_scrolls_01.jpg                            1.2MB
  [met] 100/804 scanned, 335 imgs
    met_40183_Dish_with_pommel_scrolls_00.jpg                            1.7MB
    met_40183_Dish_with_pommel_scrolls_01.jpg                            1.2MB
    met_40184_Dish_with_pommel_scrolls_00.jpg                            1.6MB
    met_40184_Dish_with_pommel_scrolls_01.jpg                            1.2MB
    met_40185_Couplet_on_an_Autumn_Sky_00.jpg                            2.0MB
    met_40186_Box_with_pommel_scroll_design_00.jpg                       1.4MB
    met_40186_Box_with_pommel_scroll_design_01.jpg                       1.3MB
    met_40186_Box_with_pommel_scroll_design_02.jpg                       4.2MB
    met_40187_Quatrain_on_a_Spring_Garden_00.jpg                         3.1MB
    met_40188_Quatrain_on_Late_Spring_00.jpg                             3.1MB
    met_40189_Box_with_pommel-scroll_design_00.jpg                       1.3MB
    met_40189_Box_with_pommel-scroll_design_01.jpg                       1.3MB
    met_40189_Box_with_pommel-scroll_design_02.jpg                       1.1MB
    met_40189_Box_with_pommel-scroll_design_03.jpg                       0.7MB
    met_40189_Box_with_pommel-scroll_design_04.jpg                       0.6MB
    met_40194_Couplet_from_a_Poem_by_Han_Hong_00.jpg                     2.7MB
    met_40194_Couplet_from_a_Poem_by_Han_Hong_01.jpg                     3.1MB
    met_40194_Couplet_from_a_Poem_by_Han_Hong_02.jpg                     2.6MB
    met_40196_Gentlemen_gazing_at_a_waterfall_00.jpg                     4.3MB
    met_40210_Square_dish_with_long-tailed_birds_and_camellias_00.jpg    3.8MB
    met_40210_Square_dish_with_long-tailed_birds_and_camellias_01.jpg    2.6MB
    met_40211_Dish_with_long-tailed_birds_and_hibiscuses_00.jpg          2.5MB
    met_40211_Dish_with_long-tailed_birds_and_hibiscuses_01.jpg          0.3MB
    met_40211_Dish_with_long-tailed_birds_and_hibiscuses_02.jpg          2.8MB
    met_40212_Dish_with_long-tailed_birds_and_flowers_00.jpg             2.8MB
    met_40212_Dish_with_long-tailed_birds_and_flowers_01.jpg             2.0MB
    met_40212_Dish_with_long-tailed_birds_and_flowers_02.JPG             0.2MB
    met_40215_Tray_with_women_and_boys_on_a_garden_terrace_00.jpg        2.0MB
    met_40215_Tray_with_women_and_boys_on_a_garden_terrace_01.jpg        4.0MB
    met_40215_Tray_with_women_and_boys_on_a_garden_terrace_02.jpg        4.1MB
    met_40218_Pair_of_dishes_with_scenes_from_Romance_of_the_Three_Kin   7.4MB
    met_40218_Pair_of_dishes_with_scenes_from_Romance_of_the_Three_Kin   1.6MB
    met_40218_Pair_of_dishes_with_scenes_from_Romance_of_the_Three_Kin   1.3MB
    met_40234_Box_with_scene_of_bathing_children_00.jpg                  0.9MB
    met_40234_Box_with_scene_of_bathing_children_01.jpg                  1.5MB
    met_40249_Pedestaled_dish_with_scalloped_rim_00.jpg                  3.2MB
    met_40249_Pedestaled_dish_with_scalloped_rim_01.JPG                  0.2MB
    met_40249_Pedestaled_dish_with_scalloped_rim_02.jpg                  2.4MB
    met_40255_Tray_with_figures_in_a_landscape_00.jpg                    2.9MB
    met_40255_Tray_with_figures_in_a_landscape_01.jpg                    2.2MB
    met_40255_Tray_with_figures_in_a_landscape_02.jpg                    0.4MB
    met_40256_Octagonal_dish_with_flowering_plum_and_magpies_00.jpg      1.3MB
    met_40256_Octagonal_dish_with_flowering_plum_and_magpies_01.jpg      0.1MB
    met_40257_Rectangular_tray_with_flowering_plums_and_magpies_00.jpg   3.3MB
    met_40257_Rectangular_tray_with_flowering_plums_and_magpies_01.jpg   1.9MB
    met_40282_Buddha_Amitabha_Descending_from_his_Pure_Land_00.jpg       2.7MB
    met_40282_Buddha_Amitabha_Descending_from_his_Pure_Land_01.jpg       1.6MB
    met_40282_Buddha_Amitabha_Descending_from_his_Pure_Land_02.jpg       4.7MB
    met_40282_Buddha_Amitabha_Descending_from_his_Pure_Land_03.jpg       3.3MB
    met_40282_Buddha_Amitabha_Descending_from_his_Pure_Land_04.jpg       3.5MB
    met_40294_The_Demon_Queller_Zhong_Kui_Giving_His_Sister_Away_in_Ma   0.3MB
    met_40294_The_Demon_Queller_Zhong_Kui_Giving_His_Sister_Away_in_Ma   1.2MB
    met_40294_The_Demon_Queller_Zhong_Kui_Giving_His_Sister_Away_in_Ma   1.1MB
    met_40294_The_Demon_Queller_Zhong_Kui_Giving_His_Sister_Away_in_Ma   1.2MB
    met_40294_The_Demon_Queller_Zhong_Kui_Giving_His_Sister_Away_in_Ma   1.2MB
    met_40294_The_Demon_Queller_Zhong_Kui_Giving_His_Sister_Away_in_Ma   1.3MB
    met_40294_The_Demon_Queller_Zhong_Kui_Giving_His_Sister_Away_in_Ma   1.2MB
    met_40294_The_Demon_Queller_Zhong_Kui_Giving_His_Sister_Away_in_Ma   1.2MB
    met_40309_Pear_Blossoms_00.jpg                                       1.3MB
    met_40309_Pear_Blossoms_01.jpg                                       5.1MB
    met_40309_Pear_Blossoms_02.jpg                                       1.4MB
    met_40309_Pear_Blossoms_03.jpg                                       0.7MB
    met_40309_Pear_Blossoms_04.jpg                                       1.0MB
    met_40309_Pear_Blossoms_05.jpg                                       1.2MB
    met_40309_Pear_Blossoms_06.jpg                                       1.2MB
    met_40309_Pear_Blossoms_07.jpg                                       1.1MB
    met_40309_Pear_Blossoms_08.jpg                                       1.1MB
    met_40309_Pear_Blossoms_09.jpg                                       1.0MB
    met_40309_Pear_Blossoms_10.jpg                                       0.8MB
    met_40309_Pear_Blossoms_11.jpg                                       1.0MB
    met_40309_Pear_Blossoms_12.jpg                                       0.7MB
    met_40393_The_Pleasures_of_Fishes_00.jpg                             1.4MB
    met_40393_The_Pleasures_of_Fishes_01.jpg                             1.2MB
    met_40393_The_Pleasures_of_Fishes_02.jpg                             1.2MB
    met_40393_The_Pleasures_of_Fishes_03.jpg                             1.0MB
    met_40393_The_Pleasures_of_Fishes_04.jpg                             1.4MB
    met_40393_The_Pleasures_of_Fishes_05.jpg                             1.0MB
    met_40393_The_Pleasures_of_Fishes_06.jpg                             1.0MB
    met_40393_The_Pleasures_of_Fishes_07.jpg                             2.3MB
    met_40393_The_Pleasures_of_Fishes_08.jpg                             1.3MB
    met_40393_The_Pleasures_of_Fishes_09.jpg                             1.3MB
    met_40393_The_Pleasures_of_Fishes_10.jpg                             2.1MB
    met_40393_The_Pleasures_of_Fishes_11.jpg                             0.2MB
    met_40433_Scholar_admiring_plum_blossoms_00.jpg                      2.4MB
    met_40433_Scholar_admiring_plum_blossoms_01.jpg                      1.2MB
    met_40439_Shakyamuni_coming_down_from_the_mountains_00.jpg           2.7MB
    met_40439_Shakyamuni_coming_down_from_the_mountains_01.jpg           1.0MB
    met_40446_Luohan_00.jpg                                              2.4MB
    met_40446_Luohan_01.jpg                                              1.4MB
    met_40448_Buddha_Amitabha_Descending_from_His_Pure_Land_00.jpg       2.5MB
    met_40448_Buddha_Amitabha_Descending_from_His_Pure_Land_01.jpg       1.3MB
    met_40448_Buddha_Amitabha_Descending_from_His_Pure_Land_02.jpg       2.6MB
    met_40454_Beneficent_Rain_00.jpg                                     0.4MB
    met_40454_Beneficent_Rain_01.jpg                                     1.9MB
    met_40454_Beneficent_Rain_02.jpg                                     2.6MB
    met_40454_Beneficent_Rain_03.jpg                                     1.6MB
    met_40454_Beneficent_Rain_04.jpg                                     1.4MB
    met_40454_Beneficent_Rain_05.jpg                                     1.2MB
    met_40454_Beneficent_Rain_06.jpg                                     1.2MB
    met_40454_Beneficent_Rain_07.jpg                                     1.3MB
    met_40454_Beneficent_Rain_08.jpg                                     1.3MB
    met_40454_Beneficent_Rain_09.jpg                                     1.2MB
    met_40454_Beneficent_Rain_10.jpg                                     1.0MB
    met_40454_Beneficent_Rain_11.jpg                                     0.8MB
    met_40456_Bamboo_and_rocks_00.jpg                                    3.2MB
    met_40456_Bamboo_and_rocks_01.jpg                                    1.6MB
    met_40456_Bamboo_and_rocks_02.jpg                                    0.9MB
    met_40456_Bamboo_and_rocks_03.jpg                                    1.0MB
    met_40456_Bamboo_and_rocks_04.jpg                                    0.8MB
    met_40456_Bamboo_and_rocks_05.jpg                                    1.1MB
    met_40507_Grooms_and_horses_00.jpg                                   0.5MB
    met_40507_Grooms_and_horses_01.jpg                                   2.1MB
    met_40507_Grooms_and_horses_02.jpg                                   2.0MB
    met_40507_Grooms_and_horses_03.jpg                                   2.2MB
    met_40507_Grooms_and_horses_04.jpg                                   2.5MB
    met_40507_Grooms_and_horses_05.jpg                                   2.4MB
    met_40507_Grooms_and_horses_06.jpg                                   2.0MB
    met_40507_Grooms_and_horses_07.jpg                                   2.2MB
    met_40507_Grooms_and_horses_08.jpg                                   2.3MB
    met_40507_Grooms_and_horses_09.jpg                                   1.8MB
    met_40507_Grooms_and_horses_10.jpg                                   3.2MB
    met_40507_Grooms_and_horses_11.jpg                                   0.3MB
    met_40508_Twin_Pines__Level_Distance_00.jpg                          0.9MB
    met_40508_Twin_Pines__Level_Distance_01.jpg                          4.2MB
    met_40508_Twin_Pines__Level_Distance_02.jpg                          2.1MB
    met_40508_Twin_Pines__Level_Distance_03.jpg                          1.3MB
    met_40508_Twin_Pines__Level_Distance_04.jpg                          1.5MB
    met_40508_Twin_Pines__Level_Distance_05.jpg                          1.4MB
    met_40508_Twin_Pines__Level_Distance_06.jpg                          1.4MB
    met_40508_Twin_Pines__Level_Distance_07.jpg                          1.1MB
    met_40508_Twin_Pines__Level_Distance_08.jpg                          1.1MB
    met_40508_Twin_Pines__Level_Distance_09.jpg                          1.0MB
    met_40508_Twin_Pines__Level_Distance_10.jpg                          2.0MB
    met_40508_Twin_Pines__Level_Distance_11.jpg                          2.7MB
    met_40508_Twin_Pines__Level_Distance_12.jpg                          2.9MB
    met_40509_Four_anecdotes_from_the_life_of_Wang_Xizhi_00.jpg          0.3MB
    met_40509_Four_anecdotes_from_the_life_of_Wang_Xizhi_01.jpg          3.9MB
    met_40509_Four_anecdotes_from_the_life_of_Wang_Xizhi_02.jpg          1.5MB
    met_40509_Four_anecdotes_from_the_life_of_Wang_Xizhi_03.jpg          1.7MB
    met_40509_Four_anecdotes_from_the_life_of_Wang_Xizhi_04.jpg          1.7MB
    met_40509_Four_anecdotes_from_the_life_of_Wang_Xizhi_05.jpg          1.5MB
    met_40509_Four_anecdotes_from_the_life_of_Wang_Xizhi_06.jpg          1.4MB
    met_40509_Four_anecdotes_from_the_life_of_Wang_Xizhi_07.jpg          1.6MB
    met_40509_Four_anecdotes_from_the_life_of_Wang_Xizhi_08.jpg          1.4MB
    met_40509_Four_anecdotes_from_the_life_of_Wang_Xizhi_09.jpg          1.2MB
    met_40509_Four_anecdotes_from_the_life_of_Wang_Xizhi_10.jpg          2.8MB
    met_40509_Four_anecdotes_from_the_life_of_Wang_Xizhi_11.jpg          2.7MB
    met_40509_Four_anecdotes_from_the_life_of_Wang_Xizhi_12.jpg          2.7MB
    met_40509_Four_anecdotes_from_the_life_of_Wang_Xizhi_13.jpg          2.7MB
    met_40509_Four_anecdotes_from_the_life_of_Wang_Xizhi_14.jpg          2.6MB
    met_40509_Four_anecdotes_from_the_life_of_Wang_Xizhi_15.jpg          2.5MB
    met_40509_Four_anecdotes_from_the_life_of_Wang_Xizhi_16.jpg          2.5MB
    met_40509_Four_anecdotes_from_the_life_of_Wang_Xizhi_17.jpg          2.6MB
    met_40509_Four_anecdotes_from_the_life_of_Wang_Xizhi_18.jpg          2.7MB
    met_40509_Four_anecdotes_from_the_life_of_Wang_Xizhi_19.jpg          2.0MB
    met_40509_Four_anecdotes_from_the_life_of_Wang_Xizhi_20.jpg          2.0MB
    met_40509_Four_anecdotes_from_the_life_of_Wang_Xizhi_21.jpg          2.0MB
    met_40512_Song_of_the_Stone_Drums_00.jpg                             2.4MB
    met_40512_Song_of_the_Stone_Drums_01.jpg                             0.1MB
    met_40512_Song_of_the_Stone_Drums_02.jpg                             0.1MB
    met_40512_Song_of_the_Stone_Drums_03.jpg                             0.0MB
    met_40512_Song_of_the_Stone_Drums_04.jpg                             2.4MB
    met_40512_Song_of_the_Stone_Drums_05.jpg                             2.3MB
    met_40512_Song_of_the_Stone_Drums_06.jpg                             2.3MB
    met_40512_Song_of_the_Stone_Drums_07.jpg                             2.1MB
    met_40512_Song_of_the_Stone_Drums_08.jpg                             2.2MB
    met_40512_Song_of_the_Stone_Drums_09.jpg                             2.2MB
    met_40512_Song_of_the_Stone_Drums_10.jpg                             2.1MB
    met_40512_Song_of_the_Stone_Drums_11.jpg                             2.2MB
    met_40512_Song_of_the_Stone_Drums_12.jpg                             1.9MB
    met_40512_Song_of_the_Stone_Drums_13.jpg                             1.4MB
    met_40512_Song_of_the_Stone_Drums_14.jpg                             0.3MB
    met_40512_Song_of_the_Stone_Drums_15.jpg                             0.3MB
    met_40513_Vimalakirti_and_the_Doctrine_of_Nonduality_00.jpg          0.3MB
    met_40513_Vimalakirti_and_the_Doctrine_of_Nonduality_01.jpg          3.5MB
    met_40513_Vimalakirti_and_the_Doctrine_of_Nonduality_02.jpg          1.8MB
    met_40513_Vimalakirti_and_the_Doctrine_of_Nonduality_03.jpg          1.7MB
    met_40513_Vimalakirti_and_the_Doctrine_of_Nonduality_04.jpg          1.6MB
    met_40513_Vimalakirti_and_the_Doctrine_of_Nonduality_05.jpg          1.5MB
    met_40513_Vimalakirti_and_the_Doctrine_of_Nonduality_06.jpg          1.6MB
    met_40513_Vimalakirti_and_the_Doctrine_of_Nonduality_07.jpg          1.4MB
    met_40513_Vimalakirti_and_the_Doctrine_of_Nonduality_08.jpg          0.9MB
    met_40513_Vimalakirti_and_the_Doctrine_of_Nonduality_09.jpg          61.1MB
    met_40514_Dragon_Boat_Regatta_on_Jinming_Lake_00.jpg                 1.7MB
    met_40514_Dragon_Boat_Regatta_on_Jinming_Lake_01.jpg                 4.3MB
    met_40514_Dragon_Boat_Regatta_on_Jinming_Lake_02.jpg                 2.7MB
    met_40514_Dragon_Boat_Regatta_on_Jinming_Lake_03.jpg                 1.5MB
    met_40514_Dragon_Boat_Regatta_on_Jinming_Lake_04.jpg                 1.6MB
    met_40514_Dragon_Boat_Regatta_on_Jinming_Lake_05.jpg                 1.6MB
    met_40514_Dragon_Boat_Regatta_on_Jinming_Lake_06.jpg                 1.6MB
    met_40514_Dragon_Boat_Regatta_on_Jinming_Lake_07.jpg                 1.8MB
    met_40514_Dragon_Boat_Regatta_on_Jinming_Lake_08.jpg                 1.6MB
    met_40514_Dragon_Boat_Regatta_on_Jinming_Lake_09.jpg                 1.6MB
    met_40514_Dragon_Boat_Regatta_on_Jinming_Lake_10.jpg                 1.4MB
    met_40514_Dragon_Boat_Regatta_on_Jinming_Lake_11.jpg                 1.5MB
    met_40515_Bodhidharma_crossing_the_Yangzi_River_on_a_reed_00.jpg     1.6MB
    met_40515_Bodhidharma_crossing_the_Yangzi_River_on_a_reed_01.jpg     0.9MB
    met_40515_Bodhidharma_crossing_the_Yangzi_River_on_a_reed_02.jpg     0.0MB
    met_40515_Bodhidharma_crossing_the_Yangzi_River_on_a_reed_03.jpg     0.1MB
    met_40516_Reading_a_sutra_by_moonlight_00.jpg                        3.3MB
    met_40516_Reading_a_sutra_by_moonlight_01.jpg                        3.2MB
    met_40516_Reading_a_sutra_by_moonlight_02.jpg                        2.6MB
    met_40516_Reading_a_sutra_by_moonlight_03.jpg                        1.2MB
    met_40516_Reading_a_sutra_by_moonlight_04.jpg                        3.3MB
    met_40516_Reading_a_sutra_by_moonlight_05.jpg                        0.4MB
    met_40517_Bowl_00.jpg                                                0.1MB
    met_41006_Seal_00.jpg                                                0.1MB
    met_41146_Recluse_Fishing_by_Autumn_Trees_00.jpg                     2.1MB
    met_41146_Recluse_Fishing_by_Autumn_Trees_01.jpg                     0.9MB
    met_41154_Wind_among_the_Trees_on_the_Riverbank_00.jpg               2.1MB
    met_41154_Wind_among_the_Trees_on_the_Riverbank_01.jpg               0.9MB
    met_41154_Wind_among_the_Trees_on_the_Riverbank_02.jpg               2.9MB
    met_41154_Wind_among_the_Trees_on_the_Riverbank_03.jpg               2.7MB
    met_41154_Wind_among_the_Trees_on_the_Riverbank_04.jpg               1.5MB
    met_41154_Wind_among_the_Trees_on_the_Riverbank_05.jpg               2.8MB
    met_41154_Wind_among_the_Trees_on_the_Riverbank_06.jpg               0.4MB
    met_41154_Wind_among_the_Trees_on_the_Riverbank_07.jpg               0.3MB
    met_41185_Spring_Clouds_at_the_Pine_Studio_00.jpg                    2.4MB
    met_41185_Spring_Clouds_at_the_Pine_Studio_01.jpg                    0.9MB
    met_41191_Wintry_plum_00.jpg                                         1.0MB
    met_41191_Wintry_plum_01.jpg                                         3.4MB
    met_41191_Wintry_plum_02.jpg                                         0.8MB
    met_41192_Crows_and_Bare_Trees_in_Winter_00.jpg                      3.9MB
    met_41193_Crows_in_Old_Trees_00.jpg                                  1.8MB
    met_41193_Crows_in_Old_Trees_01.jpg                                  2.0MB
    met_41193_Crows_in_Old_Trees_02.jpg                                  1.7MB
    met_41193_Crows_in_Old_Trees_03.jpg                                  0.8MB
    met_41193_Crows_in_Old_Trees_04.jpg                                  2.3MB
    met_41193_Crows_in_Old_Trees_05.jpg                                  2.3MB
    met_41193_Crows_in_Old_Trees_06.jpg                                  2.4MB
    met_41193_Crows_in_Old_Trees_07.jpg                                  2.0MB
    met_41193_Crows_in_Old_Trees_08.jpg                                  1.7MB
    met_41193_Crows_in_Old_Trees_09.jpg                                  2.3MB
    met_41193_Crows_in_Old_Trees_10.jpg                                  3.0MB
    met_41193_Crows_in_Old_Trees_11.jpg                                  2.4MB
    met_41193_Crows_in_Old_Trees_12.jpg                                  3.1MB
    met_41193_Crows_in_Old_Trees_13.jpg                                  2.1MB
    met_41193_Crows_in_Old_Trees_14.jpg                                  3.2MB
    met_41194_Landscape_after_a_poem_by_Wang_Wei_00.jpg                  1.9MB
    met_41194_Landscape_after_a_poem_by_Wang_Wei_01.jpg                  3.3MB
    met_41194_Landscape_after_a_poem_by_Wang_Wei_02.jpg                  2.0MB
    met_41194_Landscape_after_a_poem_by_Wang_Wei_03.jpg                  3.4MB
    met_41194_Landscape_after_a_poem_by_Wang_Wei_04.jpg                  1.6MB
    met_41194_Landscape_after_a_poem_by_Wang_Wei_05.jpg                  2.8MB
    met_41194_Landscape_after_a_poem_by_Wang_Wei_06.jpg                  1.5MB
    met_41194_Landscape_after_a_poem_by_Wang_Wei_07.jpg                  0.7MB
    met_41194_Landscape_after_a_poem_by_Wang_Wei_08.jpg                  2.7MB
    met_41194_Landscape_after_a_poem_by_Wang_Wei_09.jpg                  2.0MB
    met_41194_Landscape_after_a_poem_by_Wang_Wei_10.jpg                  2.7MB
    met_41194_Landscape_after_a_poem_by_Wang_Wei_11.jpg                  2.7MB
    met_41194_Landscape_after_a_poem_by_Wang_Wei_12.jpg                  3.6MB
    met_41194_Landscape_after_a_poem_by_Wang_Wei_13.jpg                  2.6MB
  [met] 150/804 scanned, 587 imgs
    met_41195_Returning_Fishermen_00.jpg                                 2.5MB
    met_41195_Returning_Fishermen_01.jpg                                 3.4MB
    met_41195_Returning_Fishermen_02.jpg                                 1.3MB
    met_41451_Mynah_Bird_and_Bamboo_00.jpg                               2.5MB
    met_41451_Mynah_Bird_and_Bamboo_01.jpg                               1.1MB
    met_41462_Crooked_Pine_00.jpg                                        1.6MB
    met_41462_Crooked_Pine_01.jpg                                        2.2MB
    met_41462_Crooked_Pine_02.jpg                                        3.1MB
    met_41462_Crooked_Pine_03.jpg                                        3.0MB
    met_41468_Fisherman_00.jpg                                           3.3MB
    met_41468_Fisherman_01.jpg                                           3.1MB
    met_41468_Fisherman_02.jpg                                           3.8MB
    met_41468_Fisherman_03.jpg                                           2.4MB
    met_41468_Fisherman_04.jpg                                           2.5MB
    met_41468_Fisherman_05.jpg                                           3.1MB
    met_41476_The_Yellow_Pavilion_00.jpg                                 4.0MB
    met_41476_The_Yellow_Pavilion_01.jpg                                 2.6MB
    met_41476_The_Yellow_Pavilion_02.jpg                                 5.1MB
    met_41871_Rectangular_Inkstone_with_Cover_00.JPG                     0.5MB
    met_41871_Rectangular_Inkstone_with_Cover_01.JPG                     0.6MB
    met_41913_Headdress_ornament_00.jpg                                  0.6MB
    met_41913_Headdress_ornament_01.jpg                                  0.6MB
    met_41913_Headdress_ornament_02.jpg                                  0.6MB
    met_41913_Headdress_ornament_03.jpg                                  0.6MB
    met_42008_Covered_bottle_with_cloud_scrolls_00.jpg                   1.3MB
    met_42008_Covered_bottle_with_cloud_scrolls_01.jpg                   1.4MB
    met_42011_Bottle_with_cloud_scrolls_00.jpg                           1.8MB
    met_42011_Bottle_with_cloud_scrolls_01.jpg                           2.0MB
    met_42117_Vertical_pendant_with_boys_holding_a_lotus_scroll_00.jpg   1.2MB
    met_42117_Vertical_pendant_with_boys_holding_a_lotus_scroll_01.jpg   0.2MB
    met_42117_Vertical_pendant_with_boys_holding_a_lotus_scroll_02.jpg   0.2MB
    met_42147_Vase_with_waves_and_animal_masks_00.jpg                    2.1MB
    met_42147_Vase_with_waves_and_animal_masks_01.jpg                    2.1MB
    met_42260_Recluse_Fisherman__Autumn_Trees_00.jpg                     3.7MB
    met_42261_Angling_in_the_Autumn_River_00.jpg                         2.3MB
    met_42329_Record_of_the_Following_One_s_Ancestor_Studio_00.jpg       0.2MB
    met_42329_Record_of_the_Following_One_s_Ancestor_Studio_01.jpg       0.3MB
    met_42329_Record_of_the_Following_One_s_Ancestor_Studio_02.jpg       0.3MB
    met_42436_Jar_00.jpg                                                 0.1MB
    met_42437_Bottle_00.jpg                                              1.7MB
    met_42445_Tea_Bowl_with_Crescent_Moon__Clouds__and_Blossoming_Plum   1.4MB
    met_42445_Tea_Bowl_with_Crescent_Moon__Clouds__and_Blossoming_Plum   1.1MB
    met_42445_Tea_Bowl_with_Crescent_Moon__Clouds__and_Blossoming_Plum   1.5MB
    met_42445_Tea_Bowl_with_Crescent_Moon__Clouds__and_Blossoming_Plum   0.5MB
    met_42445_Tea_Bowl_with_Crescent_Moon__Clouds__and_Blossoming_Plum   0.5MB
    met_42446_Tea_Bowl_with_Abstract_Scroll_Design_00.jpg                1.8MB
    met_42446_Tea_Bowl_with_Abstract_Scroll_Design_01.jpg                1.7MB
    met_42446_Tea_Bowl_with_Abstract_Scroll_Design_02.jpg                1.9MB
    met_42448_Jar_00.jpg                                                 1.5MB
    met_42451_Bowl_00.jpg                                                3.4MB
    met_42451_Bowl_01.jpg                                                1.4MB
    met_42454_Covered_box_with_plum_blossoms_under_moon_00.jpg           0.8MB
    met_42454_Covered_box_with_plum_blossoms_under_moon_01.jpg           0.8MB
    met_42454_Covered_box_with_plum_blossoms_under_moon_02.jpg           1.4MB
    met_42477_Bottle_with_Lotus_Scroll_00.jpg                            0.7MB
    met_42477_Bottle_with_Lotus_Scroll_01.jpg                            0.7MB
    met_42477_Bottle_with_Lotus_Scroll_02.jpg                            1.2MB
    met_42477_Bottle_with_Lotus_Scroll_03.jpg                            0.8MB
    met_42481_Bodhisattva_00.jpg                                         0.9MB
    met_42481_Bodhisattva_01.jpg                                         0.8MB
    met_42483_Incense_Burner_in_Shape_of_Lion__one_of_a_pair_00.jpg      0.1MB
    met_42483_Incense_Burner_in_Shape_of_Lion__one_of_a_pair_01.jpg      1.1MB
    met_42484_Incense_Burner_in_Shape_of_Lion__one_of_a_pair_00.jpg      0.1MB
    met_42484_Incense_Burner_in_Shape_of_Lion__one_of_a_pair_01.jpg      1.1MB
    met_42485_Circular_Box_and_Cover_00.jpg                              0.1MB
    met_42485_Circular_Box_and_Cover_01.jpg                              0.1MB
    met_42486_Bottle_with_vegetal_scrolls_00.jpg                         0.2MB
    met_42487_Stem_Cup_with_Chrysanthemum_Scroll_00.jpg                  0.4MB
    met_42487_Stem_Cup_with_Chrysanthemum_Scroll_01.jpg                  0.6MB
    met_42487_Stem_Cup_with_Chrysanthemum_Scroll_02.jpg                  0.5MB
    met_42488_Seated_bodhisattva_00.jpg                                  1.0MB
    met_42488_Seated_bodhisattva_01.jpg                                  1.0MB
    met_42488_Seated_bodhisattva_02.jpg                                  0.9MB
    met_42488_Seated_bodhisattva_03.jpg                                  0.8MB
    met_42488_Seated_bodhisattva_04.jpg                                  0.9MB
    met_42490_Vase_with_lotus_pond_scene_00.jpg                          0.4MB
    met_42491_Faceted_vase_with_flowers_00.jpg                           1.0MB
    met_42491_Faceted_vase_with_flowers_01.jpg                           1.0MB
    met_42491_Faceted_vase_with_flowers_02.jpg                           1.0MB
    met_42491_Faceted_vase_with_flowers_03.jpg                           1.0MB
    met_42492_Head_of_Guanyin_00.jpg                                     1.5MB
    met_42494_Stem_bowl_with_lotus_pattern_00.jpg                        0.1MB
    met_42495_Foliated_plate_with_rocks__plants__and_melons_00.jpg       2.1MB
    met_42495_Foliated_plate_with_rocks__plants__and_melons_01.jpg       1.5MB
    met_42716_Buddha_of_Medicine_Bhaishajyaguru__Yaoshi_fo_00.jpg        2.3MB
    met_42716_Buddha_of_Medicine_Bhaishajyaguru__Yaoshi_fo_01.jpg        0.1MB
    met_44282_The_Four_Deities_of_Mount_Kōya_00.jpg                      2.4MB
    met_44282_The_Four_Deities_of_Mount_Kōya_01.jpg                      0.7MB
    met_44286_Rakan_00.jpg                                               0.2MB
    met_44298_Conical_bowl_with_flowers_and_birds_00.jpg                 0.7MB
    met_44298_Conical_bowl_with_flowers_and_birds_01.jpg                 1.6MB
    met_44298_Conical_bowl_with_flowers_and_birds_02.jpg                 1.4MB
    met_44299_Service_vessel_with_bamboo__plum_blossoms__butterflies__   0.9MB
    met_44299_Service_vessel_with_bamboo__plum_blossoms__butterflies__   2.4MB
    met_44299_Service_vessel_with_bamboo__plum_blossoms__butterflies__   1.4MB
    met_44300_Lobed_dish_with_flowers_and_birds_00.jpg                   2.0MB
    met_44300_Lobed_dish_with_flowers_and_birds_01.jpg                   1.4MB
    met_44300_Lobed_dish_with_flowers_and_birds_02.jpg                   0.8MB
    met_44300_Lobed_dish_with_flowers_and_birds_03.jpg                   1.4MB
    met_44301_Service_vessel_with_bamboo__plum_blossoms__butterflies__   2.1MB
    met_44301_Service_vessel_with_bamboo__plum_blossoms__butterflies__   1.4MB
    met_44301_Service_vessel_with_bamboo__plum_blossoms__butterflies__   0.8MB
    met_44301_Service_vessel_with_bamboo__plum_blossoms__butterflies__   1.4MB
    met_44302_Service_vessel_with_bamboo__plum_blossoms__butterflies__   1.3MB
    met_44302_Service_vessel_with_bamboo__plum_blossoms__butterflies__   2.7MB
    met_44302_Service_vessel_with_bamboo__plum_blossoms__butterflies__   2.0MB
    met_44302_Service_vessel_with_bamboo__plum_blossoms__butterflies__   1.4MB
    met_44338_Chinese_zodiac_figure__tiger_00.jpg                        0.3MB
    met_44339_Chinese_zodiac_figure__snake_00.jpg                        1.6MB
    met_44339_Chinese_zodiac_figure__snake_01.jpg                        1.7MB
    met_44339_Chinese_zodiac_figure__snake_02.jpg                        1.9MB
    met_44339_Chinese_zodiac_figure__snake_03.jpg                        2.1MB
  [met] 200/804 scanned, 699 imgs
    met_44340_Chinese_zodiac_figure__mouse_00.jpg                        2.0MB
    met_44340_Chinese_zodiac_figure__mouse_01.jpg                        2.1MB
    met_44340_Chinese_zodiac_figure__mouse_02.jpg                        2.2MB
    met_44340_Chinese_zodiac_figure__mouse_03.jpg                        2.6MB
    met_44341_Chinese_zodiac_figure__pig_00.jpg                          2.7MB
    met_44341_Chinese_zodiac_figure__pig_01.jpg                          2.3MB
    met_44341_Chinese_zodiac_figure__pig_02.jpg                          2.5MB
    met_44341_Chinese_zodiac_figure__pig_03.jpg                          2.7MB
    met_44361_Zodiac_Figure_of_an_Ox_00.jpg                              1.3MB
    met_44361_Zodiac_Figure_of_an_Ox_01.jpg                              1.3MB
    met_44361_Zodiac_Figure_of_an_Ox_02.jpg                              1.6MB
    met_44361_Zodiac_Figure_of_an_Ox_03.jpg                              1.7MB
    met_44454_Covered_Jar_00.jpg                                         0.1MB
    met_44455_Vase__one_of_a_pair_00.JPG                                 0.1MB
    met_44456_Vase__one_of_a_pair_00.JPG                                 0.1MB
    met_44463_Tripod_incense_burner_00.JPG                               0.1MB
    met_44583_Patchwork_of_Woven_Textiles_00.jpg                         1.9MB
    met_44583_Patchwork_of_Woven_Textiles_01.jpg                         3.7MB
    met_44583_Patchwork_of_Woven_Textiles_02.jpg                         6.7MB
    met_44583_Patchwork_of_Woven_Textiles_03.jpg                         5.6MB
    met_44638_Viewing_plum_blossoms_by_moonlight_00.jpg                  0.8MB
    met_44701_Bamboo_and_rock_00.jpg                                     1.1MB
    met_44702_Sparse_trees_and_pavilion_00.jpg                           2.3MB
    met_44737_Bottle_decorated_with_peonies_00.jpg                       0.1MB
    met_44739_Covered_Jar_in_the_Shape_of_a_Star_Fruit_00.jpg            0.1MB
    met_44740_Vase_00.jpg                                                0.1MB
    met_44741_Jar_00.jpg                                                 0.1MB
    met_44742_Jar_00.jpg                                                 0.1MB
    met_44743_Vase_with_horses_in_waves_00.jpg                           0.0MB
    met_44841_Death_of_the_Historical_Buddha__Nehan-zu_00.jpg            6.5MB
    met_44841_Death_of_the_Historical_Buddha__Nehan-zu_01.jpg            3.8MB
    met_44841_Death_of_the_Historical_Buddha__Nehan-zu_02.jpg            5.9MB
    met_44841_Death_of_the_Historical_Buddha__Nehan-zu_03.jpg            5.7MB
    met_44841_Death_of_the_Historical_Buddha__Nehan-zu_04.jpg            6.5MB
    met_44841_Death_of_the_Historical_Buddha__Nehan-zu_05.jpg            6.2MB
    met_44841_Death_of_the_Historical_Buddha__Nehan-zu_06.jpg            5.6MB
    met_44841_Death_of_the_Historical_Buddha__Nehan-zu_07.jpg            6.2MB
    met_44841_Death_of_the_Historical_Buddha__Nehan-zu_08.jpg            6.3MB
    met_44841_Death_of_the_Historical_Buddha__Nehan-zu_09.jpg            6.6MB
    met_44843_Eleven-Headed_Kannon_on_Mount_Fudaraku_00.jpg              1.6MB
    met_44843_Eleven-Headed_Kannon_on_Mount_Fudaraku_01.jpg              0.9MB
    met_44847_Fujiwara_no_Kamatari_as_a_Shinto_Deity_00.jpg              4.1MB
    met_44847_Fujiwara_no_Kamatari_as_a_Shinto_Deity_01.jpg              2.6MB
    met_44855_Reeds_and_Geese_00.jpg                                     1.0MB
    met_44855_Reeds_and_Geese_01.jpg                                     1.2MB
    met_44855_Reeds_and_Geese_02.jpg                                     1.3MB
    met_44856_Reeds_and_Geese_00.jpg                                     1.7MB
    met_44856_Reeds_and_Geese_01.jpg                                     0.9MB
    met_44885_Kasuga_Shrine_Mandala_00.jpg                               3.0MB
    met_44885_Kasuga_Shrine_Mandala_01.jpg                               1.3MB
    met_44885_Kasuga_Shrine_Mandala_02.jpg                               4.2MB
    met_44885_Kasuga_Shrine_Mandala_03.jpg                               4.2MB
    met_44910_The_Wisdom_King_Aizen__Aizen_Myo_o_00.jpg                  4.0MB
    met_44910_The_Wisdom_King_Aizen__Aizen_Myo_o_01.jpg                  2.4MB
    met_44959_Welcoming_Descent_of_Amida__the_Buddha_of_Limitless_Ligh   0.2MB
    met_44959_Welcoming_Descent_of_Amida__the_Buddha_of_Limitless_Ligh   2.5MB
    met_44959_Welcoming_Descent_of_Amida__the_Buddha_of_Limitless_Ligh   4.4MB
    met_44959_Welcoming_Descent_of_Amida__the_Buddha_of_Limitless_Ligh   5.9MB
    met_44959_Welcoming_Descent_of_Amida__the_Buddha_of_Limitless_Ligh   5.7MB
    met_44959_Welcoming_Descent_of_Amida__the_Buddha_of_Limitless_Ligh   5.4MB
    met_44959_Welcoming_Descent_of_Amida__the_Buddha_of_Limitless_Ligh   5.9MB
    met_44959_Welcoming_Descent_of_Amida__the_Buddha_of_Limitless_Ligh   6.1MB
    met_44959_Welcoming_Descent_of_Amida__the_Buddha_of_Limitless_Ligh   5.8MB
    met_44959_Welcoming_Descent_of_Amida__the_Buddha_of_Limitless_Ligh   4.6MB
    met_44959_Welcoming_Descent_of_Amida__the_Buddha_of_Limitless_Ligh   7.3MB
    met_44959_Welcoming_Descent_of_Amida__the_Buddha_of_Limitless_Ligh   6.6MB
    met_44959_Welcoming_Descent_of_Amida__the_Buddha_of_Limitless_Ligh   6.5MB
    met_44959_Welcoming_Descent_of_Amida__the_Buddha_of_Limitless_Ligh   5.5MB
    met_44983_Taima_Mandala_00.jpg                                       3.7MB
    met_44983_Taima_Mandala_01.jpg                                       2.4MB
    met_44984_Descent_of_Eleven-Headed_Kannon_00.jpg                     2.5MB
    met_44984_Descent_of_Eleven-Headed_Kannon_01.jpg                     0.9MB
    met_45201_Descent_and_Return_of_Amida_to_Western_Paradise_with_a_B   3.1MB
    met_45201_Descent_and_Return_of_Amida_to_Western_Paradise_with_a_B   1.6MB
    met_45201_Descent_and_Return_of_Amida_to_Western_Paradise_with_a_B   4.6MB
    met_45201_Descent_and_Return_of_Amida_to_Western_Paradise_with_a_B   4.5MB
    met_45201_Descent_and_Return_of_Amida_to_Western_Paradise_with_a_B   5.0MB
    met_45201_Descent_and_Return_of_Amida_to_Western_Paradise_with_a_B   4.9MB
    met_45201_Descent_and_Return_of_Amida_to_Western_Paradise_with_a_B   4.9MB
    met_45201_Descent_and_Return_of_Amida_to_Western_Paradise_with_a_B   4.7MB
    met_45201_Descent_and_Return_of_Amida_to_Western_Paradise_with_a_B   5.0MB
    met_45201_Descent_and_Return_of_Amida_to_Western_Paradise_with_a_B   4.7MB
    met_45201_Descent_and_Return_of_Amida_to_Western_Paradise_with_a_B   4.4MB
    met_45201_Descent_and_Return_of_Amida_to_Western_Paradise_with_a_B   4.7MB
    met_45201_Descent_and_Return_of_Amida_to_Western_Paradise_with_a_B   4.2MB
    met_45201_Descent_and_Return_of_Amida_to_Western_Paradise_with_a_B   5.2MB
    met_45201_Descent_and_Return_of_Amida_to_Western_Paradise_with_a_B   4.6MB
    met_45201_Descent_and_Return_of_Amida_to_Western_Paradise_with_a_B   4.7MB
    met_45201_Descent_and_Return_of_Amida_to_Western_Paradise_with_a_B   4.6MB
    met_45201_Descent_and_Return_of_Amida_to_Western_Paradise_with_a_B   4.1MB
    met_45201_Descent_and_Return_of_Amida_to_Western_Paradise_with_a_B   4.8MB
    met_45201_Descent_and_Return_of_Amida_to_Western_Paradise_with_a_B   4.8MB
    met_45201_Descent_and_Return_of_Amida_to_Western_Paradise_with_a_B   3.8MB
    met_45201_Descent_and_Return_of_Amida_to_Western_Paradise_with_a_B   4.9MB
    met_45201_Descent_and_Return_of_Amida_to_Western_Paradise_with_a_B   4.7MB
    met_45201_Descent_and_Return_of_Amida_to_Western_Paradise_with_a_B   3.9MB
    met_45201_Descent_and_Return_of_Amida_to_Western_Paradise_with_a_B   2.3MB
    met_45236_The_Bodhisattva_Monju__Manjushri__with_Five_Topknots_00.   3.7MB
    met_45236_The_Bodhisattva_Monju__Manjushri__with_Five_Topknots_01.   2.2MB
    met_45238_Portrait_of_Jion_Daishi__Guiji_00.jpg                      3.7MB
    met_45238_Portrait_of_Jion_Daishi__Guiji_01.jpg                      2.8MB
    met_45249_Welcoming_Descent_of_Amida_and_Bodhisattvas_00.jpg         5.8MB
    met_45249_Welcoming_Descent_of_Amida_and_Bodhisattvas_01.jpg         4.8MB
    met_45369_Shaka__Shakyamuni__Triad_00.jpg                            3.5MB
    met_45369_Shaka__Shakyamuni__Triad_01.jpg                            2.1MB
    met_45370_Illustrated_Biography_of_Prince_Shōtoku__Shōtoku_Taishi_   2.5MB
    met_45370_Illustrated_Biography_of_Prince_Shōtoku__Shōtoku_Taishi_   1.4MB
    met_45371_Illustrated_Biography_of_Prince_Shōtoku__Shōtoku_Taishi_   2.6MB
    met_45371_Illustrated_Biography_of_Prince_Shōtoku__Shōtoku_Taishi_   1.4MB
    met_45372_Portrait_of_Xuanzang__Genjō__with_Attendant_00.jpg         2.7MB
    met_45372_Portrait_of_Xuanzang__Genjō__with_Attendant_01.jpg         2.0MB
    met_45372_Portrait_of_Xuanzang__Genjō__with_Attendant_02.jpg         0.6MB
    met_45372_Portrait_of_Xuanzang__Genjō__with_Attendant_03.jpg         0.6MB
    met_45498_Bowl_00.jpg                                                2.6MB
    met_45509_Amida_Triad_in_the_Form_of_Sacred_Sanskrit_Syllables_00.   2.1MB
    met_45509_Amida_Triad_in_the_Form_of_Sacred_Sanskrit_Syllables_01.   1.4MB
    met_45509_Amida_Triad_in_the_Form_of_Sacred_Sanskrit_Syllables_02.   5.2MB
    met_45509_Amida_Triad_in_the_Form_of_Sacred_Sanskrit_Syllables_03.   4.7MB
    met_45509_Amida_Triad_in_the_Form_of_Sacred_Sanskrit_Syllables_04.   4.8MB
    met_45509_Amida_Triad_in_the_Form_of_Sacred_Sanskrit_Syllables_05.   4.4MB
    met_45509_Amida_Triad_in_the_Form_of_Sacred_Sanskrit_Syllables_06.   4.5MB
    met_45509_Amida_Triad_in_the_Form_of_Sacred_Sanskrit_Syllables_07.   4.6MB
    met_45509_Amida_Triad_in_the_Form_of_Sacred_Sanskrit_Syllables_08.   4.7MB
    met_45509_Amida_Triad_in_the_Form_of_Sacred_Sanskrit_Syllables_09.   4.6MB
    met_45509_Amida_Triad_in_the_Form_of_Sacred_Sanskrit_Syllables_10.   4.6MB
    met_45509_Amida_Triad_in_the_Form_of_Sacred_Sanskrit_Syllables_11.   4.7MB
    met_45509_Amida_Triad_in_the_Form_of_Sacred_Sanskrit_Syllables_12.   5.0MB
    met_45509_Amida_Triad_in_the_Form_of_Sacred_Sanskrit_Syllables_13.   5.1MB
    met_45509_Amida_Triad_in_the_Form_of_Sacred_Sanskrit_Syllables_14.   4.8MB
    met_45509_Amida_Triad_in_the_Form_of_Sacred_Sanskrit_Syllables_15.   5.1MB
    met_45524_White-Robed_Kannon_00.jpg                                  1.7MB
    met_45524_White-Robed_Kannon_01.jpg                                  1.0MB
    met_45591_Shaka_Nyorai_00.jpg                                        1.6MB
    met_45591_Shaka_Nyorai_01.jpg                                        2.7MB
    met_45596_Monju_Bosatsu_with_Eight_Sacred_Sanskrit_Syllables_00.jp   3.5MB
    met_45596_Monju_Bosatsu_with_Eight_Sacred_Sanskrit_Syllables_01.jp   2.2MB
    met_45596_Monju_Bosatsu_with_Eight_Sacred_Sanskrit_Syllables_02.jp   3.4MB
    met_45597_Miroku_Bosatsu_00.jpg                                      1.9MB
    met_45597_Miroku_Bosatsu_01.jpg                                      0.1MB
    met_45597_Miroku_Bosatsu_02.jpg                                      0.1MB
    met_45597_Miroku_Bosatsu_03.jpg                                      0.1MB
    met_45597_Miroku_Bosatsu_04.jpg                                      0.1MB
    met_45597_Miroku_Bosatsu_05.jpg                                      0.1MB
    met_45597_Miroku_Bosatsu_06.jpg                                      0.1MB
    met_45598_Welcoming_Descent_of_the_Bodhisattva_Jizo_00.jpg           2.2MB
    met_45598_Welcoming_Descent_of_the_Bodhisattva_Jizo_01.jpg           1.3MB
    met_45599_Welcoming_Descent_of_the_Bodhisattva_Jizo_00.jpg           3.7MB
    met_45599_Welcoming_Descent_of_the_Bodhisattva_Jizo_01.jpg           1.9MB
  [met] 250/804 scanned, 847 imgs
    met_45601_The_Bodhisattva_Jizō__Looking_Back_00.jpg                  3.9MB
    met_45601_The_Bodhisattva_Jizō__Looking_Back_01.jpg                  2.3MB
    met_45606_Kongara-doji_00.jpg                                        1.3MB
    met_45606_Kongara-doji_01.jpg                                        0.9MB
    met_45608_One_of_the_Twelve_Celestial_Guardians_00.JPG               0.5MB
    met_45609_One_of_the_Twelve_Celestial_Guardians_00.JPG               0.5MB
    met_45610_One_of_the_Twelve_Celestial_Guardians_00.JPG               0.5MB
    met_45625_Arhat_from_a_series_of_sixteen_Arhats_00.jpg               2.4MB
    met_45625_Arhat_from_a_series_of_sixteen_Arhats_01.jpg               1.4MB
    met_45626_Arhats_00.jpg                                              2.2MB
    met_45626_Arhats_01.jpg                                              1.4MB
    met_45630_Prince_Shōtoku_at_Age_Sixteen_00.jpg                       3.1MB
    met_45630_Prince_Shōtoku_at_Age_Sixteen_01.jpg                       2.1MB
    met_45630_Prince_Shōtoku_at_Age_Sixteen_02.jpg                       1.6MB
    met_45635_Enjoying_the_Wilderness_in_an_Autumn_Grove_00.jpg          2.4MB
    met_45635_Enjoying_the_Wilderness_in_an_Autumn_Grove_01.jpg          1.1MB
    met_45635_Enjoying_the_Wilderness_in_an_Autumn_Grove_02.jpg          3.9MB
    met_45635_Enjoying_the_Wilderness_in_an_Autumn_Grove_03.jpg          3.8MB
    met_45635_Enjoying_the_Wilderness_in_an_Autumn_Grove_04.jpg          3.4MB
    met_45635_Enjoying_the_Wilderness_in_an_Autumn_Grove_05.jpg          3.4MB
    met_45635_Enjoying_the_Wilderness_in_an_Autumn_Grove_06.jpg          0.3MB
    met_45635_Enjoying_the_Wilderness_in_an_Autumn_Grove_07.jpg          3.1MB
    met_45636_Woods_and_Valleys_of_Mount_Yu_00.jpg                       2.3MB
    met_45636_Woods_and_Valleys_of_Mount_Yu_01.jpg                       3.6MB
    met_45636_Woods_and_Valleys_of_Mount_Yu_02.jpg                       3.8MB
    met_45636_Woods_and_Valleys_of_Mount_Yu_03.jpg                       3.5MB
    met_45636_Woods_and_Valleys_of_Mount_Yu_04.jpg                       3.8MB
    met_45636_Woods_and_Valleys_of_Mount_Yu_05.jpg                       3.5MB
    met_45636_Woods_and_Valleys_of_Mount_Yu_06.jpg                       3.4MB
    met_45636_Woods_and_Valleys_of_Mount_Yu_07.jpg                       3.7MB
    met_45636_Woods_and_Valleys_of_Mount_Yu_08.jpg                       1.0MB
    met_45637_Red_Cliffs_and_Green_Valleys_00.jpg                        3.4MB
    met_45637_Red_Cliffs_and_Green_Valleys_01.jpg                        1.0MB
    met_45647_Farewell_by_a_Stream_on_a_Clear_Day_00.jpg                 1.5MB
    met_45647_Farewell_by_a_Stream_on_a_Clear_Day_01.jpg                 0.9MB
    met_45647_Farewell_by_a_Stream_on_a_Clear_Day_02.jpg                 2.5MB
    met_45647_Farewell_by_a_Stream_on_a_Clear_Day_03.jpg                 2.2MB
    met_45647_Farewell_by_a_Stream_on_a_Clear_Day_04.jpg                 2.2MB
    met_45647_Farewell_by_a_Stream_on_a_Clear_Day_05.jpg                 2.5MB
    met_45647_Farewell_by_a_Stream_on_a_Clear_Day_06.jpg                 3.0MB
    met_45647_Farewell_by_a_Stream_on_a_Clear_Day_07.jpg                 0.4MB
    met_45647_Farewell_by_a_Stream_on_a_Clear_Day_08.jpg                 0.7MB
    met_45647_Farewell_by_a_Stream_on_a_Clear_Day_09.jpg                 2.9MB
    met_45650_Landscape_00.jpg                                           0.8MB
    met_45650_Landscape_01.jpg                                           4.1MB
    met_45650_Landscape_02.jpg                                           1.2MB
    met_45650_Landscape_03.jpg                                           0.9MB
    met_45650_Landscape_04.jpg                                           1.2MB
    met_45650_Landscape_05.jpg                                           1.0MB
    met_45650_Landscape_06.jpg                                           1.0MB
    met_45650_Landscape_07.jpg                                           0.8MB
    met_45650_Landscape_08.jpg                                           0.8MB
    met_45652_Cloudy_Mountains_00.jpg                                    1.6MB
    met_45652_Cloudy_Mountains_01.jpg                                    5.0MB
    met_45652_Cloudy_Mountains_02.jpg                                    2.1MB
    met_45652_Cloudy_Mountains_03.jpg                                    1.2MB
    met_45652_Cloudy_Mountains_04.jpg                                    1.3MB
    met_45652_Cloudy_Mountains_05.jpg                                    1.4MB
    met_45652_Cloudy_Mountains_06.jpg                                    1.2MB
    met_45652_Cloudy_Mountains_07.jpg                                    1.4MB
    met_45652_Cloudy_Mountains_08.jpg                                    1.1MB
    met_45652_Cloudy_Mountains_09.jpg                                    1.2MB
    met_45652_Cloudy_Mountains_10.jpg                                    1.2MB
    met_45652_Cloudy_Mountains_11.jpg                                    1.3MB
    met_45652_Cloudy_Mountains_12.jpg                                    1.0MB
    met_45655_Flowers_00.jpg                                             1.5MB
    met_45657_Poem_on_retirement_00.jpg                                  0.5MB
    met_45657_Poem_on_retirement_01.jpg                                  3.4MB
    met_45657_Poem_on_retirement_02.jpg                                  2.3MB
    met_45657_Poem_on_retirement_03.jpg                                  1.3MB
    met_45657_Poem_on_retirement_04.jpg                                  1.2MB
    met_45657_Poem_on_retirement_05.jpg                                  1.1MB
    met_45657_Poem_on_retirement_06.jpg                                  0.9MB
    met_45657_Poem_on_retirement_07.jpg                                  1.5MB
    met_45658_Bamboo_grove_00.jpg                                        0.3MB
    met_45658_Bamboo_grove_01.jpg                                        1.6MB
    met_45658_Bamboo_grove_02.jpg                                        1.5MB
    met_45694_Textile_fragment_with_hares_00.jpg                         5.4MB
    met_45694_Textile_fragment_with_hares_01.jpg                         FAIL InvalidURL
    met_45694_Textile_fragment_with_hares_02.jpg                         FAIL InvalidURL
    met_45694_Textile_fragment_with_hares_03.jpg                         4.0MB
    met_46020_Bowl_00.jpg                                                2.1MB
    met_46608_Bowl_with_stylized_clouds_00.jpg                           3.5MB
    met_46645_Bowl_00.jpg                                                0.8MB
    met_46645_Bowl_01.jpg                                                0.8MB
    met_46645_Bowl_02.jpg                                                1.3MB
    met_48142_Cup_with_décor_of_triangle_petals_00.jpg                   1.5MB
    met_48142_Cup_with_décor_of_triangle_petals_01.jpg                   3.1MB
    met_48143_Bowl_with_wave_pattern_00.jpg                              1.6MB
    met_48143_Bowl_with_wave_pattern_01.jpg                              1.5MB
    met_48156_Yuhuchun_vase_with_lotus_petals_00.jpg                     1.5MB
    met_48156_Yuhuchun_vase_with_lotus_petals_01.jpg                     1.0MB
    met_48212_Dish_00.jpg                                                0.3MB
    met_48212_Dish_01.jpg                                                0.4MB
    met_48212_Dish_02.jpg                                                2.1MB
    met_48361_Bowl_00.jpg                                                1.3MB
    met_48361_Bowl_01.jpg                                                1.8MB
    met_48361_Bowl_02.jpg                                                1.7MB
    met_48361_Bowl_03.jpg                                                1.2MB
    met_48361_Bowl_04.jpg                                                1.5MB
    met_48370_Bowl_with_floral_patterns_00.jpg                           1.5MB
    met_48370_Bowl_with_floral_patterns_01.jpg                           1.4MB
    met_48371_Water_pot_00.jpg                                           0.9MB
    met_48371_Water_pot_01.jpg                                           1.0MB
    met_48372_Tripod_incense_burner_00.jpg                               1.1MB
    met_48372_Tripod_incense_burner_01.jpg                               1.2MB
    met_48372_Tripod_incense_burner_02.jpg                               1.2MB
    met_48385_Washer_with_twin_fish_00.jpg                               1.6MB
    met_48395_Meiping_vase_with_floral_patterns_00.jpg                   0.1MB
    met_48395_Meiping_vase_with_floral_patterns_01.jpg                   2.0MB
    met_48395_Meiping_vase_with_floral_patterns_02.jpg                   0.1MB
    met_48411_Jar_with_two_lugs_00.jpg                                   2.1MB
    met_48411_Jar_with_two_lugs_01.jpg                                   2.2MB
    met_48412_Bowl_00.jpg                                                2.3MB
    met_48412_Bowl_01.jpg                                                1.7MB
    met_48431_Saucer_00.jpg                                              0.2MB
    met_48431_Saucer_01.jpg                                              1.0MB
    met_48444_Bowl_00.jpg                                                2.4MB
    met_48444_Bowl_01.jpg                                                2.3MB
    met_48444_Bowl_02.jpg                                                2.2MB
    met_48451_Jar_with_two_lugs_00.jpg                                   2.1MB
    met_48451_Jar_with_two_lugs_01.jpg                                   1.6MB
    met_48451_Jar_with_two_lugs_02.jpg                                   2.7MB
    met_48456_Jar_00.jpg                                                 1.4MB
    met_48481_Jar_00.jpg                                                 1.7MB
    met_48481_Jar_01.jpg                                                 1.5MB
    met_48550_Jar_00.JPG                                                 0.4MB
    met_48550_Jar_01.JPG                                                 0.5MB
    met_48550_Jar_02.JPG                                                 0.7MB
    met_49209_Bowl_00.jpg                                                1.2MB
    met_49209_Bowl_01.jpg                                                1.2MB
    met_49209_Bowl_02.jpg                                                1.3MB
    met_49209_Bowl_03.jpg                                                1.2MB
    met_49209_Bowl_04.jpg                                                1.4MB
    met_49215_Bottle_with_Peonies_00.jpg                                 1.4MB
    met_49215_Bottle_with_Peonies_01.jpg                                 1.4MB
    met_49215_Bottle_with_Peonies_02.jpg                                 1.4MB
    met_49215_Bottle_with_Peonies_03.jpg                                 1.4MB
    met_49216_Bottle_with_Peony_Scroll_00.jpg                            1.2MB
    met_49216_Bottle_with_Peony_Scroll_01.jpg                            1.2MB
    met_49216_Bottle_with_Peony_Scroll_02.jpg                            1.2MB
    met_49216_Bottle_with_Peony_Scroll_03.jpg                            1.2MB
    met_49218_Flower_Pot_00.jpg                                          1.9MB
    met_49218_Flower_Pot_01.jpg                                          0.4MB
    met_49218_Flower_Pot_02.jpg                                          0.6MB
    met_49855_Flask_with_Lotus_Pond_00.jpg                               1.1MB
    met_49855_Flask_with_Lotus_Pond_01.jpg                               1.1MB
    met_49855_Flask_with_Lotus_Pond_02.jpg                               2.4MB
  [met] 300/804 scanned, 993 imgs
    met_49890_Stem_Cup_00.jpg                                            0.1MB
    met_49920_Vase_with_Peony_Scrolls_00.jpg                             1.2MB
    met_49920_Vase_with_Peony_Scrolls_01.jpg                             1.2MB
    met_49920_Vase_with_Peony_Scrolls_02.jpg                             1.2MB
    met_49920_Vase_with_Peony_Scrolls_03.jpg                             1.2MB
    met_49923_Bulb_Bowl_00.jpg                                           1.1MB
    met_49923_Bulb_Bowl_01.jpg                                           1.3MB
    met_49923_Bulb_Bowl_02.jpg                                           0.5MB
    met_49924_Flower_Pot_00.jpg                                          1.9MB
    met_49924_Flower_Pot_01.jpg                                          0.3MB
    met_49924_Flower_Pot_02.jpg                                          0.8MB
    met_50211_Bottle_in_meiping_shape_with__tortoiseshell__glaze_00.jp   2.0MB
    met_50211_Bottle_in_meiping_shape_with__tortoiseshell__glaze_01.jp   2.0MB
    met_50237_Pedestal_00.jpg                                            1.4MB
    met_50237_Pedestal_01.jpg                                            1.4MB
    met_50237_Pedestal_02.jpg                                            1.4MB
    met_50237_Pedestal_03.jpg                                            1.4MB
    met_50237_Pedestal_04.jpg                                            1.4MB
    met_50237_Pedestal_05.jpg                                            1.4MB
    met_50237_Pedestal_06.jpg                                            1.4MB
    met_50237_Pedestal_07.jpg                                            1.4MB
    met_50237_Pedestal_08.jpg                                            1.4MB
    met_50237_Pedestal_09.jpg                                            1.4MB
    met_50237_Pedestal_10.jpg                                            1.5MB
    met_50239_Figure_00.jpg                                              1.4MB
    met_50360_Water-Moon_Avalokiteshvara_00.jpg                          3.7MB
    met_50360_Water-Moon_Avalokiteshvara_01.jpg                          2.4MB
    met_50655_Jar_00.jpg                                                 0.1MB
    met_50655_Jar_01.jpg                                                 1.6MB
    met_50660_Foliate_Dish_00.jpg                                        1.3MB
    met_50705_Covered_box_with_plum_blossoms_under_moon_00.jpg           0.2MB
    met_50706_Covered_box_with_two_phoenixes_00.jpg                      1.6MB
    met_50706_Covered_box_with_two_phoenixes_01.jpg                      1.7MB
    met_50706_Covered_box_with_two_phoenixes_02.jpg                      0.1MB
    met_50718_Plate_00.jpg                                               1.5MB
    met_50718_Plate_01.jpg                                               1.5MB
    met_50722_Bottle_with_characters_00.jpg                              1.2MB
    met_50722_Bottle_with_characters_01.jpg                              1.3MB
    met_50722_Bottle_with_characters_02.jpg                              1.3MB
    met_50722_Bottle_with_characters_03.jpg                              1.3MB
    met_50736_Water_dropper_00.JPG                                       4.7MB
    met_50764_Figure_of_a_Deity_00.jpg                                   0.0MB
    met_50770_Small_Jar_00.jpg                                           1.3MB
    met_50772_Covered_Jar__Guan_shape_00.jpg                             0.1MB
    met_50772_Covered_Jar__Guan_shape_01.jpg                             2.2MB
    met_51024_Jar_00.jpg                                                 2.1MB
    met_51043_Incense_burner_00.jpg                                      2.0MB
    met_51043_Incense_burner_01.jpg                                      2.0MB
    met_51043_Incense_burner_02.jpg                                      2.0MB
    met_51043_Incense_burner_03.jpg                                      2.0MB
    met_51043_Incense_burner_04.jpg                                      2.0MB
    met_51045_Jar_with_peony_scroll_00.jpg                               1.0MB
    met_51045_Jar_with_peony_scroll_01.jpg                               1.7MB
    met_51046_Incense_Burner_00.jpg                                      0.9MB
    met_51046_Incense_Burner_01.jpg                                      1.6MB
    met_51046_Incense_Burner_02.jpg                                      0.9MB
    met_51046_Incense_Burner_03.jpg                                      0.9MB
    met_51046_Incense_Burner_04.jpg                                      0.9MB
    met_51075_Tea_Bowl_with__Tortoiseshell__Design_00.jpg                3.1MB
    met_51075_Tea_Bowl_with__Tortoiseshell__Design_01.jpg                1.1MB
    met_51075_Tea_Bowl_with__Tortoiseshell__Design_02.jpg                2.1MB
    met_51206_Vase_00.jpg                                                2.7MB
    met_51249_Service_with_Decoration_of_Flowers_and_Birds_00.jpg        2.1MB
    met_51395_Autumn_Splendor_00.jpg                                     3.3MB
    met_51567_Washing_Horses_in_a_River_00.jpg                           1.9MB
    met_51567_Washing_Horses_in_a_River_01.jpg                           3.2MB
    met_51567_Washing_Horses_in_a_River_02.jpg                           3.0MB
    met_51567_Washing_Horses_in_a_River_03.jpg                           1.4MB
    met_51567_Washing_Horses_in_a_River_04.jpg                           1.8MB
    met_51567_Washing_Horses_in_a_River_05.jpg                           1.8MB
    met_51567_Washing_Horses_in_a_River_06.jpg                           1.8MB
    met_51567_Washing_Horses_in_a_River_07.jpg                           1.6MB
    met_51567_Washing_Horses_in_a_River_08.jpg                           1.6MB
    met_51567_Washing_Horses_in_a_River_09.jpg                           1.7MB
    met_51567_Washing_Horses_in_a_River_10.jpg                           1.9MB
    met_51567_Washing_Horses_in_a_River_11.jpg                           2.0MB
    met_51567_Washing_Horses_in_a_River_12.jpg                           2.2MB
    met_51567_Washing_Horses_in_a_River_13.jpg                           1.7MB
    met_51567_Washing_Horses_in_a_River_14.jpg                           1.5MB
    met_51663_Calligraphy__Poem_00.jpg                                   3.5MB
    met_51685_Waves_in_the_moonlight_00.jpg                              2.3MB
    met_51738_Mongol_with_Horse_and_Camel_00.jpg                         4.4MB
    met_51747_Chinese_bulbuls_on_flowering_crab_apple_00.jpg             1.5MB
    met_51747_Chinese_bulbuls_on_flowering_crab_apple_01.jpg             4.0MB
    met_51747_Chinese_bulbuls_on_flowering_crab_apple_02.jpg             3.5MB
    met_51747_Chinese_bulbuls_on_flowering_crab_apple_03.jpg             2.7MB
    met_51747_Chinese_bulbuls_on_flowering_crab_apple_04.jpg             1.9MB
    met_51747_Chinese_bulbuls_on_flowering_crab_apple_05.jpg             2.2MB
    met_51747_Chinese_bulbuls_on_flowering_crab_apple_06.jpg             2.3MB
    met_51747_Chinese_bulbuls_on_flowering_crab_apple_07.jpg             2.4MB
    met_51747_Chinese_bulbuls_on_flowering_crab_apple_08.jpg             2.1MB
    met_51747_Chinese_bulbuls_on_flowering_crab_apple_09.jpg             1.9MB
    met_51768_The_Hundred_Flowers_00.jpg                                 2.8MB
    met_51768_The_Hundred_Flowers_01.jpg                                 4.0MB
    met_51768_The_Hundred_Flowers_02.jpg                                 3.9MB
    met_51768_The_Hundred_Flowers_03.jpg                                 3.0MB
    met_51768_The_Hundred_Flowers_04.jpg                                 2.1MB
    met_51768_The_Hundred_Flowers_05.jpg                                 2.3MB
    met_51768_The_Hundred_Flowers_06.jpg                                 2.7MB
    met_51768_The_Hundred_Flowers_07.jpg                                 2.8MB
    met_51768_The_Hundred_Flowers_08.jpg                                 2.6MB
    met_51768_The_Hundred_Flowers_09.jpg                                 2.6MB
    met_51768_The_Hundred_Flowers_10.jpg                                 2.6MB
    met_51768_The_Hundred_Flowers_11.jpg                                 2.6MB
    met_51768_The_Hundred_Flowers_12.jpg                                 1.9MB
    met_51768_The_Hundred_Flowers_13.jpg                                 1.6MB
    met_51773_Horses_in_Landscape_with_Attendant_00.jpg                  0.7MB
    met_51812_Shide__the_Buddhist_Hermit_00.jpg                          0.3MB
    met_51870_Two_Poems_00.jpg                                           0.0MB
    met_51870_Two_Poems_01.jpg                                           0.1MB
    met_51870_Two_Poems_02.jpg                                           0.1MB
    met_51870_Two_Poems_03.jpg                                           0.1MB
    met_51870_Two_Poems_04.jpg                                           0.1MB
    met_51870_Two_Poems_05.jpg                                           0.1MB
    met_51870_Two_Poems_06.jpg                                           0.1MB
    met_51870_Two_Poems_07.jpg                                           0.0MB
    met_52074_Brush_washer_with_lotus_00.jpg                             0.7MB
    met_52074_Brush_washer_with_lotus_01.jpg                             1.8MB
    met_52074_Brush_washer_with_lotus_02.jpg                             1.9MB
    met_52118_Twelve-lobed_covered_box_00.jpg                            1.8MB
    met_52118_Twelve-lobed_covered_box_01.jpg                            1.8MB
    met_52596_Tea_bowl_with_plum_decoration_00.jpg                       0.9MB
    met_52596_Tea_bowl_with_plum_decoration_01.jpg                       2.0MB
    met_52628_Bowl_00.jpg                                                0.1MB
    met_52628_Bowl_01.jpg                                                0.2MB
    met_52635_Container_for_Bulbs_00.jpg                                 1.1MB
    met_52635_Container_for_Bulbs_01.jpg                                 1.1MB
    met_52635_Container_for_Bulbs_02.jpg                                 1.2MB
    met_52635_Container_for_Bulbs_03.jpg                                 1.1MB
    met_52635_Container_for_Bulbs_04.jpg                                 1.2MB
    met_52638_Vase_00.jpg                                                1.7MB
    met_52638_Vase_01.jpg                                                0.2MB
    met_52639_Jar_00.jpg                                                 1.8MB
    met_52639_Jar_01.jpg                                                 0.4MB
    met_52646_Dish_00.jpg                                                1.8MB
    met_52646_Dish_01.jpg                                                1.8MB
    met_52646_Dish_02.jpg                                                3.0MB
    met_52646_Dish_03.jpg                                                2.7MB
  [met] 350/804 scanned, 1131 imgs
    met_52648_Bulb_Bowl_00.jpg                                           2.6MB
    met_52662_Vase_00.jpg                                                3.7MB
    met_52671_Bowl_00.jpg                                                1.4MB
    met_52672_Bowl_00.jpg                                                1.7MB
    met_52672_Bowl_01.jpg                                                1.2MB
    met_52678_Bowl_within_Sagger_00.jpg                                  0.1MB
    met_52683_Brush_washer_00.jpg                                        0.7MB
    met_52683_Brush_washer_01.jpg                                        0.7MB
    met_52683_Brush_washer_02.jpg                                        0.7MB
    met_52683_Brush_washer_03.jpg                                        1.3MB
    met_52683_Brush_washer_04.jpg                                        1.0MB
    met_52728_Dish_00.jpg                                                1.6MB
    met_52728_Dish_01.jpg                                                0.1MB
    met_52730_Cup_00.jpg                                                 1.6MB
    met_53179_Shaka__Shakyamuni__the_Historical_Buddha__with_Two_Atten   3.9MB
    met_53179_Shaka__Shakyamuni__the_Historical_Buddha__with_Two_Atten   2.5MB
    met_53179_Shaka__Shakyamuni__the_Historical_Buddha__with_Two_Atten   1.5MB
    met_53179_Shaka__Shakyamuni__the_Historical_Buddha__with_Two_Atten   1.4MB
    met_53179_Shaka__Shakyamuni__the_Historical_Buddha__with_Two_Atten   3.4MB
    met_53179_Shaka__Shakyamuni__the_Historical_Buddha__with_Two_Atten   3.2MB
    met_53180_Satsubari__the_Second_of_the_Sixteen_Arhats_00.jpg         3.8MB
    met_53180_Satsubari__the_Second_of_the_Sixteen_Arhats_01.jpg         2.1MB
    met_53186_Kasuga_Shrine_Mandala__Kasuga_miya_mandara_00.jpg          3.4MB
    met_53186_Kasuga_Shrine_Mandala__Kasuga_miya_mandara_01.jpg          1.5MB
    met_53187_Kasuga_Deer_Mandala__Kasuga_shika_mandara_zu_00.jpg        3.3MB
    met_53187_Kasuga_Deer_Mandala__Kasuga_shika_mandara_zu_01.jpg        1.4MB
    met_53198_Wagtail_on_a_Rock_00.jpg                                   3.3MB
    met_53198_Wagtail_on_a_Rock_01.jpg                                   1.3MB
    met_53205_Mandala_of_the_Bodhisattva_Hannya__Prajnaparamita_00.jpg   2.3MB
    met_53210_Ox_and_Herdsman_00.jpg                                     2.5MB
    met_53210_Ox_and_Herdsman_01.jpg                                     1.2MB
    met_53210_Ox_and_Herdsman_02.jpg                                     3.5MB
    met_53210_Ox_and_Herdsman_03.jpg                                     0.3MB
    met_53210_Ox_and_Herdsman_04.jpg                                     3.2MB
    met_53210_Ox_and_Herdsman_05.jpg                                     1.7MB
    met_53572_Man_and_Woman_on_Horseback_00.jpg                          4.4MB
    met_53798_Vase_00.jpg                                                1.7MB
    met_53798_Vase_01.jpg                                                1.3MB
    met_53940_Cup_with_flowering_plum_and_crescent_moon_00.jpg           1.3MB
    met_53940_Cup_with_flowering_plum_and_crescent_moon_01.jpg           1.3MB
    met_53940_Cup_with_flowering_plum_and_crescent_moon_02.jpg           1.3MB
    met_53940_Cup_with_flowering_plum_and_crescent_moon_03.jpg           1.3MB
    met_53940_Cup_with_flowering_plum_and_crescent_moon_04.jpg           2.5MB
    met_53940_Cup_with_flowering_plum_and_crescent_moon_05.jpg           2.1MB
    met_56375_Folding_chair_with_two_birds_among_flowers_00.JPG          0.4MB
    met_57780_Incense_Box_00.jpg                                         0.9MB
    met_57780_Incense_Box_01.jpg                                         1.1MB
    met_57780_Incense_Box_02.jpg                                         2.3MB
    met_57780_Incense_Box_03.jpg                                         2.0MB
    met_58355_Box_with__Pommel_Scroll__Design_00.jpg                     1.1MB
    met_58355_Box_with__Pommel_Scroll__Design_01.jpg                     1.3MB
    met_58355_Box_with__Pommel_Scroll__Design_02.jpg                     1.0MB
    met_58355_Box_with__Pommel_Scroll__Design_03.jpg                     1.2MB
    met_59669_Portrait_of_Shun_oku_Myōha_00.jpg                          0.8MB
    met_59669_Portrait_of_Shun_oku_Myōha_01.jpg                          2.9MB
    met_59669_Portrait_of_Shun_oku_Myōha_02.jpg                          4.3MB
    met_59669_Portrait_of_Shun_oku_Myōha_03.jpg                          5.0MB
    met_60656_Ornamental_plaque_00.jpg                                   0.0MB
    met_60910_Box_with_camellia_00.jpg                                   1.0MB
    met_60910_Box_with_camellia_01.jpg                                   0.8MB
    met_60910_Box_with_camellia_02.jpg                                   1.6MB
    met_61104_Box_with_Chain_00.jpg                                      0.3MB
    met_61359_Ritual_Scraper_00.JPG                                      0.0MB
    met_61413_Miniature_Votive_Mirror_00.jpg                             2.0MB
    met_61413_Miniature_Votive_Mirror_01.jpg                             1.8MB
    met_61413_Miniature_Votive_Mirror_02.jpg                             1.3MB
    met_61634_Vase_with_abstract_decoration_00.jpg                       1.6MB
    met_61634_Vase_with_abstract_decoration_01.jpg                       1.2MB
    met_61634_Vase_with_abstract_decoration_02.jpg                       1.6MB
    met_61634_Vase_with_abstract_decoration_03.jpg                       1.6MB
    met_61634_Vase_with_abstract_decoration_04.jpg                       1.6MB
    met_61658_Bodhisattva_Avalokiteshvara__Guanyin_00.jpg                1.1MB
    met_61658_Bodhisattva_Avalokiteshvara__Guanyin_01.jpg                1.0MB
    met_61658_Bodhisattva_Avalokiteshvara__Guanyin_02.jpg                1.1MB
    met_61658_Bodhisattva_Avalokiteshvara__Guanyin_03.jpg                1.1MB
    met_61658_Bodhisattva_Avalokiteshvara__Guanyin_04.jpg                1.2MB
    met_61658_Bodhisattva_Avalokiteshvara__Guanyin_05.jpg                1.3MB
  [met] 400/804 scanned, 1208 imgs
    met_62027_Lozenge-Shaped_Tray_00.jpg                                 1.0MB
    met_64101_Cloth_of_Gold__with_Medallions_00.jpg                      4.2MB
    met_64101_Cloth_of_Gold__with_Medallions_01.jpg                      5.9MB
    met_64392_Pillow_Cover_00.jpg                                        4.7MB
    met_64392_Pillow_Cover_01.jpg                                        2.5MB
    met_64393_Strip_00.jpg                                               2.6MB
    met_64393_Strip_01.jpg                                               1.4MB
    met_65644_Flowers_and_Garden_Rock_00.jpg                             3.1MB
    met_69624_Fragment_of_Woven_Silk_00.jpg                              4.2MB
    met_70996_Textile_fragment_with_cloud_palmettes_and_characters_of_   2.7MB
    met_70996_Textile_fragment_with_cloud_palmettes_and_characters_of_   4.2MB
    met_70996_Textile_fragment_with_cloud_palmettes_and_characters_of_   3.9MB
    met_70996_Textile_fragment_with_cloud_palmettes_and_characters_of_   4.6MB
    met_70997_Textile_fragment_with_floral_pattern_00.jpg                2.2MB
    met_70997_Textile_fragment_with_floral_pattern_01.jpg                4.4MB
    met_70997_Textile_fragment_with_floral_pattern_02.jpg                2.0MB
    met_70998_Textile_fragment_with_rabbits_00.jpg                       1.8MB
    met_70998_Textile_fragment_with_rabbits_01.jpg                       1.2MB
    met_70998_Textile_fragment_with_rabbits_02.jpg                       4.0MB
    met_70999_Piece_00.jpg                                               0.9MB
    met_71001_Piece_00.jpg                                               0.8MB
    met_71009_Piece_00.jpg                                               0.0MB
    met_71010_Piece_00.jpg                                               0.0MB
    met_71011_Piece_00.jpg                                               0.1MB
    met_71012_Piece_00.jpg                                               0.0MB
    met_71013_Piece_00.jpg                                               0.1MB
    met_71019_Piece_00.jpg                                               0.6MB
    met_71020_Piece_00.jpg                                               0.0MB
    met_71021_Piece_00.jpg                                               0.0MB
    met_71022_Piece_00.jpg                                               0.0MB
    met_72451_Niu_Myōjin_00.jpg                                          3.0MB
    met_72451_Niu_Myōjin_01.jpg                                          1.4MB
    met_72630_Horse_and_groom_00.jpg                                     1.3MB
    met_72630_Horse_and_groom_01.jpg                                     1.3MB
    met_72725_Bird_with_Peach_Spray_00.jpg                               1.0MB
    met_72725_Bird_with_Peach_Spray_01.jpg                               1.0MB
    met_72725_Bird_with_Peach_Spray_02.jpg                               0.8MB
    met_72758_Box_with_Pommel_Scroll_Design_00.JPG                       0.1MB
    met_72769_Rice_Culture__or_Sowing_and_Reaping_00.jpg                 3.3MB
    met_72769_Rice_Culture__or_Sowing_and_Reaping_01.jpg                 0.1MB
    met_72769_Rice_Culture__or_Sowing_and_Reaping_02.jpg                 0.1MB
    met_72769_Rice_Culture__or_Sowing_and_Reaping_03.jpg                 0.0MB
    met_72769_Rice_Culture__or_Sowing_and_Reaping_04.jpg                 1.3MB
    met_72769_Rice_Culture__or_Sowing_and_Reaping_05.jpg                 1.3MB
    met_72769_Rice_Culture__or_Sowing_and_Reaping_06.jpg                 1.3MB
    met_72769_Rice_Culture__or_Sowing_and_Reaping_07.jpg                 1.3MB
    met_72769_Rice_Culture__or_Sowing_and_Reaping_08.jpg                 1.3MB
    met_72769_Rice_Culture__or_Sowing_and_Reaping_09.jpg                 1.3MB
    met_72769_Rice_Culture__or_Sowing_and_Reaping_10.jpg                 1.3MB
    met_72769_Rice_Culture__or_Sowing_and_Reaping_11.jpg                 1.3MB
    met_72769_Rice_Culture__or_Sowing_and_Reaping_12.jpg                 1.3MB
    met_72769_Rice_Culture__or_Sowing_and_Reaping_13.jpg                 1.3MB
    met_72769_Rice_Culture__or_Sowing_and_Reaping_14.jpg                 1.4MB
    met_72769_Rice_Culture__or_Sowing_and_Reaping_15.jpg                 0.8MB
    met_72810_Stem_Cup_with_Pommel_Scroll_Design_00.jpg                  0.1MB
    met_72810_Stem_Cup_with_Pommel_Scroll_Design_01.jpg                  0.1MB
    met_73370_Kumano_Mandala_00.jpg                                      0.7MB
    met_73370_Kumano_Mandala_01.jpg                                      3.1MB
    met_73370_Kumano_Mandala_02.jpg                                      1.1MB
    met_73370_Kumano_Mandala_03.jpg                                      0.9MB
    met_73370_Kumano_Mandala_04.jpg                                      0.8MB
    met_73370_Kumano_Mandala_05.jpg                                      1.2MB
    met_73404_Cup_stand_with_eight_treasures_00.jpg                      1.6MB
    met_73804_Incense_box_with_fragrant_grass_design_00.jpg              1.1MB
    met_73804_Incense_box_with_fragrant_grass_design_01.jpg              1.1MB
    met_73804_Incense_box_with_fragrant_grass_design_02.jpg              0.9MB
    met_73804_Incense_box_with_fragrant_grass_design_03.jpg              1.9MB
    met_73805_Bowl_with_plum_blossom_and_crescent_moon_00.jpg            0.9MB
    met_73805_Bowl_with_plum_blossom_and_crescent_moon_01.jpg            1.2MB
    met_73805_Bowl_with_plum_blossom_and_crescent_moon_02.jpg            1.0MB
    met_73806_Dish_00.jpg                                                0.1MB
    met_73806_Dish_01.jpg                                                0.1MB
    met_74174_Figure_of_Mongol_00.jpg                                    1.1MB
    met_74174_Figure_of_Mongol_01.jpg                                    1.2MB
    met_74174_Figure_of_Mongol_02.jpg                                    1.0MB
    met_74174_Figure_of_Mongol_03.jpg                                    1.0MB
    met_74174_Figure_of_Mongol_04.jpg                                    1.6MB
    met_74175_Figure_of_Mongol_00.jpg                                    1.1MB
    met_74175_Figure_of_Mongol_01.jpg                                    1.2MB
    met_74175_Figure_of_Mongol_02.jpg                                    1.0MB
    met_74175_Figure_of_Mongol_03.jpg                                    1.0MB
    met_74175_Figure_of_Mongol_04.jpg                                    1.7MB
    met_75297_Shaka__Shakyamuni__the_Historical_Buddha__with_Two_Atten   2.8MB
    met_75297_Shaka__Shakyamuni__the_Historical_Buddha__with_Two_Atten   1.6MB
    met_75591_Pillow_with_landscapes_featuring_Daoist_figures_and_a_ti   1.7MB
    met_75591_Pillow_with_landscapes_featuring_Daoist_figures_and_a_ti   1.5MB
    met_75591_Pillow_with_landscapes_featuring_Daoist_figures_and_a_ti   1.5MB
    met_75591_Pillow_with_landscapes_featuring_Daoist_figures_and_a_ti   2.1MB
    met_75591_Pillow_with_landscapes_featuring_Daoist_figures_and_a_ti   4.5MB
    met_75813_Boys_in_a_lotus_pond_00.jpg                                0.7MB
    met_75813_Boys_in_a_lotus_pond_01.jpg                                0.7MB
    met_76971_Shaka__Shakyamuni__the_Historical_Buddha__with_Two_Atten   3.3MB
    met_76971_Shaka__Shakyamuni__the_Historical_Buddha__with_Two_Atten   1.8MB
    met_77154_Textile_with_dragons_and_phoenixes_00.jpg                  5.4MB
    met_77154_Textile_with_dragons_and_phoenixes_01.jpg                  4.3MB
    met_78283_Star_Mandala_00.jpg                                        6.1MB
    met_78283_Star_Mandala_01.jpg                                        3.6MB
    met_78283_Star_Mandala_02.jpg                                        7.5MB
    met_78283_Star_Mandala_03.jpg                                        8.5MB
    met_78283_Star_Mandala_04.jpg                                        8.8MB
    met_78283_Star_Mandala_05.jpg                                        2.9MB
    met_443601_Textile_Fragment_00.jpg                                   0.5MB
    met_443601_Textile_Fragment_01.jpg                                   0.2MB
    met_443601_Textile_Fragment_02.jpg                                   1.6MB
  [met] 450/804 scanned, 1312 imgs
    met_443915_Textile_Fragment_00.jpg                                   0.9MB
    met_443915_Textile_Fragment_01.JPG                                   0.5MB
    met_443915_Textile_Fragment_02.JPG                                   0.7MB
    met_443915_Textile_Fragment_03.JPG                                   0.4MB
    met_443915_Textile_Fragment_04.jpg                                   0.1MB
    met_445247_Textile_Fragment_00.jpg                                   0.6MB
    met_445247_Textile_Fragment_01.jpg                                   0.1MB
    met_445248_Textile_Fragment_with_Addorsed_Parrots_and_Griffins_00.   0.1MB
    met_445248_Textile_Fragment_with_Addorsed_Parrots_and_Griffins_01.   5.4MB
    met_445248_Textile_Fragment_with_Addorsed_Parrots_and_Griffins_02.   0.3MB
    met_445248_Textile_Fragment_with_Addorsed_Parrots_and_Griffins_03.   0.6MB
    met_445248_Textile_Fragment_with_Addorsed_Parrots_and_Griffins_04.   0.7MB
    met_445248_Textile_Fragment_with_Addorsed_Parrots_and_Griffins_05.   0.4MB
    met_445248_Textile_Fragment_with_Addorsed_Parrots_and_Griffins_06.   0.2MB
    met_445248_Textile_Fragment_with_Addorsed_Parrots_and_Griffins_07.   3.9MB
    met_445248_Textile_Fragment_with_Addorsed_Parrots_and_Griffins_08.   0.4MB
    met_445248_Textile_Fragment_with_Addorsed_Parrots_and_Griffins_09.   5.2MB
    met_445248_Textile_Fragment_with_Addorsed_Parrots_and_Griffins_10.   4.5MB
    met_446210_Textile_Fragment_00.jpg                                   0.7MB
    met_446210_Textile_Fragment_01.JPG                                   0.4MB
    met_446210_Textile_Fragment_02.jpg                                   2.5MB
    met_446210_Textile_Fragment_03.jpg                                   0.1MB
    met_446828_Textile_Fragment_00.JPG                                   0.5MB
    met_446828_Textile_Fragment_01.JPG                                   0.8MB
    met_446828_Textile_Fragment_02.JPG                                   0.8MB
    met_446828_Textile_Fragment_03.jpg                                   2.0MB
    met_446832_Textile_Fragment_00.jpg                                   0.9MB
    met_446832_Textile_Fragment_01.JPG                                   0.6MB
    met_446832_Textile_Fragment_02.jpg                                   0.1MB
  [met] 500/804 scanned, 1341 imgs
    met_447972_Textile_Fragment_00.jpg                                   4.3MB
    met_447972_Textile_Fragment_01.jpg                                   0.3MB
    met_447972_Textile_Fragment_02.jpg                                   0.6MB
    met_447972_Textile_Fragment_03.jpg                                   0.1MB
    met_447972_Textile_Fragment_04.jpg                                   0.1MB
    met_447972_Textile_Fragment_05.jpg                                   0.1MB
    met_447972_Textile_Fragment_06.jpg                                   0.1MB
    met_448032_Textile_Fragment_00.jpg                                   11.7MB
    met_448032_Textile_Fragment_01.jpg                                   1.5MB
    met_448033_Textile_Fragment_00.jpg                                   14.1MB
    met_448033_Textile_Fragment_01.jpg                                   2.5MB
    met_448044_Fragment_of_a_Carpet_with_Geometric_Design_00.jpg         7.5MB
    met_448044_Fragment_of_a_Carpet_with_Geometric_Design_01.jpg         0.1MB
    met_448044_Fragment_of_a_Carpet_with_Geometric_Design_02.jpg         0.1MB
    met_448051_Textile_Fragment_00.jpg                                   13.2MB
    met_448051_Textile_Fragment_01.jpg                                   2.6MB
    met_448052_Carpet_Fragment_00.jpg                                    0.1MB
    met_448060_Textile_Fragment_00.jpg                                   4.2MB
    met_448060_Textile_Fragment_01.jpg                                   2.8MB
    met_448068_Textile_Fragment_00.jpg                                   2.7MB
    met_448068_Textile_Fragment_01.jpg                                   2.3MB
    met_448070_Textile_Fragment_00.jpg                                   1.0MB
    met_448071_Band_Fragment_00.jpg                                      2.5MB
    met_448071_Band_Fragment_01.jpg                                      0.9MB
    met_448114_Textile_Fragment_00.jpg                                   3.0MB
    met_448114_Textile_Fragment_01.jpg                                   0.1MB
    met_448131_Textile_Fragment_00.jpg                                   0.1MB
    met_448135_Carpet_Fragment_00.jpg                                    0.1MB
    met_448222_Textile_with_Musicians_00.jpg                             4.9MB
    met_448222_Textile_with_Musicians_01.jpg                             4.7MB
    met_448222_Textile_with_Musicians_02.jpg                             0.5MB
    met_448222_Textile_with_Musicians_03.jpg                             1.2MB
    met_448222_Textile_with_Musicians_04.jpg                             0.3MB
    met_448222_Textile_with_Musicians_05.jpg                             0.1MB
    met_448225_Band_Fragment_00.jpg                                      0.5MB
    met_448225_Band_Fragment_01.jpg                                      0.1MB
    met_448232_Textile_Fragment_00.jpg                                   2.7MB
    met_448232_Textile_Fragment_01.jpg                                   0.1MB
    met_448232_Textile_Fragment_02.jpg                                   0.1MB
    met_448232_Textile_Fragment_03.jpg                                   0.1MB
    met_448232_Textile_Fragment_04.jpg                                   1.8MB
    met_448232_Textile_Fragment_05.jpg                                   0.1MB
    met_448232_Textile_Fragment_06.JPG                                   0.9MB
    met_448232_Textile_Fragment_07.jpg                                   2.2MB
    met_448232_Textile_Fragment_08.jpg                                   1.1MB
    met_448518_Textile_Fragment_00.JPG                                   0.5MB
    met_448518_Textile_Fragment_01.jpg                                   0.1MB
    met_448518_Textile_Fragment_02.jpg                                   0.1MB
    met_448518_Textile_Fragment_03.jpg                                   0.6MB
    met_448519_Textile_with_Foliated_Scrolls_00.JPG                      0.5MB
    met_448519_Textile_with_Foliated_Scrolls_01.jpg                      0.1MB
    met_448519_Textile_with_Foliated_Scrolls_02.jpg                      0.1MB
    met_448519_Textile_with_Foliated_Scrolls_03.jpg                      0.8MB
    met_448520_Textile_Fragment_00.jpg                                   0.1MB
    met_448522_Textile_with_Arabesque_and_Palmette_Design_00.jpg         2.1MB
    met_448522_Textile_with_Arabesque_and_Palmette_Design_01.JPG         0.3MB
    met_448522_Textile_with_Arabesque_and_Palmette_Design_02.jpg         0.2MB
    met_448522_Textile_with_Arabesque_and_Palmette_Design_03.jpg         0.1MB
    met_448523_Textile_Fragment_00.JPG                                   0.5MB
    met_448523_Textile_Fragment_01.JPG                                   0.7MB
    met_448523_Textile_Fragment_02.jpg                                   0.2MB
    met_448523_Textile_Fragment_03.jpg                                   0.1MB
    met_448523_Textile_Fragment_04.jpg                                   0.4MB
    met_448526_Textile_Fragment_00.jpg                                   4.0MB
    met_448526_Textile_Fragment_01.jpg                                   0.2MB
    met_448526_Textile_Fragment_02.jpg                                   0.1MB
    met_448526_Textile_Fragment_03.JPG                                   0.3MB
    met_448526_Textile_Fragment_04.jpg                                   0.3MB
    met_448526_Textile_Fragment_05.jpg                                   4.0MB
    met_448526_Textile_Fragment_06.jpg                                   4.0MB
    met_448526_Textile_Fragment_07.jpg                                   4.1MB
    met_448526_Textile_Fragment_08.jpg                                   3.9MB
    met_448526_Textile_Fragment_09.jpg                                   4.7MB
    met_448529_Textile_Fragment_00.JPG                                   0.4MB
    met_448529_Textile_Fragment_01.jpg                                   0.1MB
    met_448531_Textile_Fragment_00.jpg                                   7.5MB
    met_448531_Textile_Fragment_01.jpg                                   0.2MB
    met_448531_Textile_Fragment_02.JPG                                   0.5MB
    met_448531_Textile_Fragment_03.jpg                                   8.0MB
    met_448532_Textile_Fragment_00.jpg                                   0.1MB
    met_448532_Textile_Fragment_01.jpg                                   0.2MB
    met_448532_Textile_Fragment_02.JPG                                   0.4MB
    met_448532_Textile_Fragment_03.jpg                                   0.4MB
    met_448533_Textile_Fragment_00.JPG                                   0.3MB
    met_448533_Textile_Fragment_01.jpg                                   0.1MB
    met_448533_Textile_Fragment_02.jpg                                   0.1MB
    met_448533_Textile_Fragment_03.jpg                                   7.7MB
    met_448533_Textile_Fragment_04.jpg                                   7.7MB
    met_448533_Textile_Fragment_05.jpg                                   3.5MB
    met_448533_Textile_Fragment_06.jpg                                   3.6MB
    met_448534_Textile_Fragment_00.jpg                                   3.3MB
    met_448534_Textile_Fragment_01.jpg                                   0.1MB
    met_448534_Textile_Fragment_02.JPG                                   0.6MB
    met_448534_Textile_Fragment_03.jpg                                   3.1MB
    met_448535_Textile_with_Blue_and_White_Pattern_00.jpg                5.6MB
    met_448535_Textile_with_Blue_and_White_Pattern_01.jpg                0.1MB
    met_448535_Textile_with_Blue_and_White_Pattern_02.JPG                0.5MB
    met_448535_Textile_with_Blue_and_White_Pattern_03.jpg                5.6MB
    met_448536_Fragment_of_Textile_with_a_Forested_Landscape_00.jpg      2.3MB
    met_448536_Fragment_of_Textile_with_a_Forested_Landscape_01.jpg      0.2MB
    met_448536_Fragment_of_Textile_with_a_Forested_Landscape_02.JPG      0.5MB
    met_448536_Fragment_of_Textile_with_a_Forested_Landscape_03.jpg      2.7MB
    met_448536_Fragment_of_Textile_with_a_Forested_Landscape_04.jpg      2.5MB
    met_448691_Textile_Fragment_00.jpg                                   0.1MB
    met_448691_Textile_Fragment_01.jpg                                   0.2MB
    met_448691_Textile_Fragment_02.jpg                                   0.1MB
  [met] 550/804 scanned, 1447 imgs
    met_450505_Joined_Fragments_00.jpg                                   0.1MB
    met_450535_Textile_Fragment_00.jpg                                   0.5MB
    met_450535_Textile_Fragment_01.jpg                                   0.5MB
    met_450535_Textile_Fragment_02.jpg                                   0.1MB
    met_450535_Textile_Fragment_03.jpg                                   0.1MB
    met_450719_Textile_Fragment_from_a_Liturgical_Vestment_of_San_Vale   0.7MB
    met_450719_Textile_Fragment_from_a_Liturgical_Vestment_of_San_Vale   0.1MB
    met_450720_Textile_Fragment_from_the_Chasuble_of_San_Valerius_00.j   5.8MB
    met_450720_Textile_Fragment_from_the_Chasuble_of_San_Valerius_01.j   5.4MB
    met_450720_Textile_Fragment_from_the_Chasuble_of_San_Valerius_02.j   0.6MB
    met_450720_Textile_Fragment_from_the_Chasuble_of_San_Valerius_03.j   1.2MB
    met_450720_Textile_Fragment_from_the_Chasuble_of_San_Valerius_04.j   0.2MB
    met_450720_Textile_Fragment_from_the_Chasuble_of_San_Valerius_05.j   0.2MB
    met_450720_Textile_Fragment_from_the_Chasuble_of_San_Valerius_06.j   0.1MB
    met_450721_Textile_Fragment_from_the_Dalmatic_of_San_Valerius_00.j   4.6MB
    met_450721_Textile_Fragment_from_the_Dalmatic_of_San_Valerius_01.j   3.9MB
    met_450721_Textile_Fragment_from_the_Dalmatic_of_San_Valerius_02.j   0.5MB
    met_450721_Textile_Fragment_from_the_Dalmatic_of_San_Valerius_03.j   0.4MB
    met_450721_Textile_Fragment_from_the_Dalmatic_of_San_Valerius_04.j   0.2MB
    met_450721_Textile_Fragment_from_the_Dalmatic_of_San_Valerius_05.j   0.9MB
    met_450721_Textile_Fragment_from_the_Dalmatic_of_San_Valerius_06.j   0.3MB
    met_450725_Textile_Fragment_from_the_Tomb_of_Don_Felipe_00.jpg       0.6MB
    met_450725_Textile_Fragment_from_the_Tomb_of_Don_Felipe_01.jpg       6.3MB
    met_450725_Textile_Fragment_from_the_Tomb_of_Don_Felipe_02.jpg       0.1MB
    met_450725_Textile_Fragment_from_the_Tomb_of_Don_Felipe_03.jpg       0.2MB
    met_450725_Textile_Fragment_from_the_Tomb_of_Don_Felipe_04.jpg       0.1MB
    met_450727_Textile_Fragment_from_the_Dalmatic_of_San_Valerius_00.j   3.5MB
    met_450727_Textile_Fragment_from_the_Dalmatic_of_San_Valerius_01.j   3.1MB
    met_450727_Textile_Fragment_from_the_Dalmatic_of_San_Valerius_02.j   0.4MB
    met_450727_Textile_Fragment_from_the_Dalmatic_of_San_Valerius_03.j   0.1MB
    met_450727_Textile_Fragment_from_the_Dalmatic_of_San_Valerius_04.j   0.1MB
    met_450727_Textile_Fragment_from_the_Dalmatic_of_San_Valerius_05.j   0.3MB
    met_450732_Chasuble_Fragment_00.JPG                                  0.4MB
    met_450732_Chasuble_Fragment_01.JPG                                  0.7MB
    met_450732_Chasuble_Fragment_02.jpg                                  0.1MB
    met_450735_Textile_Fragment_with_Ogival_Pattern_00.jpg               2.0MB
    met_450735_Textile_Fragment_with_Ogival_Pattern_01.JPG               0.5MB
    met_450735_Textile_Fragment_with_Ogival_Pattern_02.JPG               0.6MB
    met_450735_Textile_Fragment_with_Ogival_Pattern_03.JPG               0.5MB
    met_450735_Textile_Fragment_with_Ogival_Pattern_04.jpg               0.2MB
    met_450735_Textile_Fragment_with_Ogival_Pattern_05.jpg               3.9MB
    met_450735_Textile_Fragment_with_Ogival_Pattern_06.jpg               0.1MB
    met_450741_Textile_00.jpg                                            5.3MB
    met_450741_Textile_01.jpg                                            0.2MB
    met_450741_Textile_02.jpg                                            0.1MB
  [met] 600/804 scanned, 1492 imgs
    met_451170_Carpet_Fragment_00.jpg                                    0.1MB
    met_452085_Flap_of_Bookbinding_00.jpg                                2.2MB
    met_452085_Flap_of_Bookbinding_01.jpg                                0.4MB
    met_452085_Flap_of_Bookbinding_02.jpg                                2.3MB
    met_452398_Carpet_Fragment_00.jpg                                    0.1MB
    met_452398_Carpet_Fragment_01.jpg                                    0.1MB
    met_452398_Carpet_Fragment_02.JPG                                    0.6MB
    met_452401_Fragment_of_a_Calligraphic_Textile_00.JPG                 0.4MB
    met_452401_Fragment_of_a_Calligraphic_Textile_01.jpg                 0.2MB
    met_452401_Fragment_of_a_Calligraphic_Textile_02.jpg                 0.1MB
    met_452402_Blazon_00.jpg                                             0.2MB
    met_452402_Blazon_01.jpg                                             0.1MB
    met_452404_Textile_Fragment_00.jpg                                   5.4MB
    met_452404_Textile_Fragment_01.jpg                                   0.1MB
    met_452404_Textile_Fragment_02.jpg                                   0.2MB
    met_452404_Textile_Fragment_03.jpg                                   1.5MB
    met_452406_Medallion_00.jpg                                          0.2MB
    met_452406_Medallion_01.jpg                                          0.1MB
    met_452406_Medallion_02.jpg                                          0.1MB
  [met] 650/804 scanned, 1511 imgs
    met_452534_Textile_Fragment_00.JPG                                   0.3MB
    met_452534_Textile_Fragment_01.JPG                                   0.5MB
    met_452534_Textile_Fragment_02.JPG                                   0.6MB
    met_452534_Textile_Fragment_03.JPG                                   0.5MB
    met_452534_Textile_Fragment_04.jpg                                   0.1MB
    met_452534_Textile_Fragment_05.jpg                                   0.1MB
    met_452621_Carpet_Fragment_00.jpg                                    2.7MB
    met_452621_Carpet_Fragment_01.jpg                                    0.1MB
    met_452621_Carpet_Fragment_02.jpg                                    0.1MB
    met_452621_Carpet_Fragment_03.JPG                                    0.7MB
  [met] 700/804 scanned, 1521 imgs
    met_452909_Blazon_00.jpg                                             0.1MB
    met_452909_Blazon_01.jpg                                             0.0MB
    met_452909_Blazon_02.jpg                                             0.7MB
    met_452910_Blazon_00.jpg                                             0.2MB
    met_452910_Blazon_01.jpg                                             0.1MB
    met_452910_Blazon_02.jpg                                             0.0MB
    met_452914_Textile_Fragment_00.jpg                                   0.1MB
    met_452914_Textile_Fragment_01.jpg                                   0.2MB
    met_452914_Textile_Fragment_02.jpg                                   0.1MB
    met_452914_Textile_Fragment_03.jpg                                   0.1MB
    met_452951_Textile_Fragment_00.jpg                                   3.2MB
    met_452951_Textile_Fragment_01.jpg                                   2.9MB
    met_452951_Textile_Fragment_02.jpg                                   0.1MB
    met_452951_Textile_Fragment_03.JPG                                   0.3MB
    met_452951_Textile_Fragment_04.JPG                                   0.7MB
    met_452951_Textile_Fragment_05.JPG                                   0.6MB
    met_452951_Textile_Fragment_06.jpg                                   2.5MB
    met_453294_Textile_Fragment_00.jpg                                   0.4MB
    met_453294_Textile_Fragment_01.JPG                                   0.1MB
    met_453294_Textile_Fragment_02.jpg                                   0.0MB
    met_453317_Confronted_Animal_Rug_00.jpg                              6.9MB
    met_453317_Confronted_Animal_Rug_01.jpg                              0.1MB
    met_453317_Confronted_Animal_Rug_02.jpg                              0.1MB
    met_453317_Confronted_Animal_Rug_03.jpg                              0.2MB
    met_453317_Confronted_Animal_Rug_04.jpg                              0.2MB
    met_453317_Confronted_Animal_Rug_05.jpg                              3.6MB
    met_453317_Confronted_Animal_Rug_06.jpg                              0.2MB
    met_453317_Confronted_Animal_Rug_07.JPG                              1.4MB
    met_453317_Confronted_Animal_Rug_08.JPG                              1.2MB
    met_453317_Confronted_Animal_Rug_09.JPG                              0.8MB
    met_453317_Confronted_Animal_Rug_10.jpg                              5.3MB
    met_453317_Confronted_Animal_Rug_11.jpg                              0.8MB
    met_453317_Confronted_Animal_Rug_12.jpg                              1.4MB
    met_453371_Textile_Fragment_00.jpg                                   3.9MB
    met_453371_Textile_Fragment_01.jpg                                   0.5MB
    met_453371_Textile_Fragment_02.jpg                                   3.5MB
    met_453499_Textile_Fragment_00.JPG                                   0.4MB
    met_453499_Textile_Fragment_01.jpg                                   3.0MB
    met_454363_Textile_Fragment_00.jpg                                   0.6MB
    met_454363_Textile_Fragment_01.jpg                                   0.6MB
    met_454363_Textile_Fragment_02.jpg                                   0.6MB
    met_454363_Textile_Fragment_03.jpg                                   0.3MB
    met_454599_Textile_Fragment_00.JPG                                   0.0MB
    met_455299_Fragment_of_a_Coat_00.jpg                                 6.2MB
    met_455299_Fragment_of_a_Coat_01.jpg                                 FAIL HTTPError
    met_455299_Fragment_of_a_Coat_02.jpg                                 FAIL HTTPError
    met_455299_Fragment_of_a_Coat_03.jpg                                 FAIL HTTPError
    met_455299_Fragment_of_a_Coat_04.jpg                                 FAIL HTTPError
    met_455299_Fragment_of_a_Coat_05.jpg                                 FAIL HTTPError
    met_455299_Fragment_of_a_Coat_06.jpg                                 FAIL HTTPError
    met_456931_Riding_Coat_00.jpg                                        1.9MB
    met_456931_Riding_Coat_01.JPG                                        0.2MB
    met_456931_Riding_Coat_02.JPG                                        0.2MB
    met_456931_Riding_Coat_03.JPG                                        0.4MB
    met_456931_Riding_Coat_04.JPG                                        0.4MB
    met_456931_Riding_Coat_05.JPG                                        0.6MB
    met_456931_Riding_Coat_06.jpg                                        2.9MB
    met_456931_Riding_Coat_07.jpg                                        3.1MB
    met_456931_Riding_Coat_08.jpg                                        3.1MB
    met_456931_Riding_Coat_09.jpg                                        3.3MB
    met_456931_Riding_Coat_10.jpg                                        3.3MB
    met_456931_Riding_Coat_11.jpg                                        3.3MB
    met_456931_Riding_Coat_12.jpg                                        2.2MB
  [met] 750/804 scanned, 1578 imgs
    met_457970_Textile_Fragment_with_Double-Headed_Eagles_and_Facing_L   3.3MB
    met_457970_Textile_Fragment_with_Double-Headed_Eagles_and_Facing_L   4.0MB
    met_457970_Textile_Fragment_with_Double-Headed_Eagles_and_Facing_L   2.9MB
    met_647271_Wine_bottle_with_lotuses_and_admonition_00.jpg            1.8MB
    met_647271_Wine_bottle_with_lotuses_and_admonition_01.jpg            1.8MB
    met_647271_Wine_bottle_with_lotuses_and_admonition_02.jpg            1.9MB
    met_647271_Wine_bottle_with_lotuses_and_admonition_03.jpg            1.9MB
    met_650850_Vase_with_archaistic_design_00.jpg                        2.4MB
    met_650850_Vase_with_archaistic_design_01.jpg                        2.0MB
    met_666513_Dish_with_dragon_handles_00.jpg                           0.8MB
    met_666513_Dish_with_dragon_handles_01.jpg                           1.4MB
    met_666513_Dish_with_dragon_handles_02.jpg                           0.7MB
    met_667292_Ten_dishes_with_chrysanthemum_petal_rim_00.jpg            1.0MB
    met_667292_Ten_dishes_with_chrysanthemum_petal_rim_01.jpg            1.0MB
    met_667292_Ten_dishes_with_chrysanthemum_petal_rim_02.jpg            1.8MB
    met_668767_Brush_washer_with_twin_dragons_00.jpg                     2.5MB
    met_668767_Brush_washer_with_twin_dragons_01.jpg                     2.5MB
    met_684590_Vase_with_geometric_patterns_00.jpg                       2.6MB
    met_684590_Vase_with_geometric_patterns_01.jpg                       2.2MB
    met_704717_Tripod_incense_burner_00.jpg                              1.7MB
    met_704717_Tripod_incense_burner_01.jpg                              1.6MB
    met_704717_Tripod_incense_burner_02.jpg                              1.6MB
    met_704717_Tripod_incense_burner_03.jpg                              1.6MB
    met_704717_Tripod_incense_burner_04.jpg                              2.2MB
    met_704717_Tripod_incense_burner_05.jpg                              2.6MB
    met_748152_Basin_with_birds_in_a_lotus_pond_00.jpg                   2.7MB
    met_748152_Basin_with_birds_in_a_lotus_pond_01.jpg                   2.5MB
    met_752005_Welcoming_Descent_of_Amida__the_Buddha_of_Infinite_Ligh   2.9MB
    met_752005_Welcoming_Descent_of_Amida__the_Buddha_of_Infinite_Ligh   1.4MB
    met_752005_Welcoming_Descent_of_Amida__the_Buddha_of_Infinite_Ligh   6.0MB
    met_752006_The_Bodhisattva_Monju__Manjushri__with_Five_Topknots_00   4.7MB
    met_752006_The_Bodhisattva_Monju__Manjushri__with_Five_Topknots_01   1.8MB
    met_772693_Basin_with_turtles_and_fish_00.jpg                        1.6MB
    met_772693_Basin_with_turtles_and_fish_01.jpg                        2.3MB
    met_772693_Basin_with_turtles_and_fish_02.jpg                        5.7MB
    met_772693_Basin_with_turtles_and_fish_03.jpg                        6.0MB
    met_772693_Basin_with_turtles_and_fish_04.jpg                        5.6MB
    met_772693_Basin_with_turtles_and_fish_05.jpg                        2.8MB
    met_772693_Basin_with_turtles_and_fish_06.jpg                        6.6MB
    met_781809_Dragon_climbing_a_rock_00.jpg                             1.8MB
    met_781809_Dragon_climbing_a_rock_01.jpg                             1.9MB
    met_827417_Vase_with_archaic-style_motifs_00.jpg                     1.6MB
    met_827417_Vase_with_archaic-style_motifs_01.jpg                     1.6MB
    met_827419_Square_vase_with_archaic-style_motifs__fangzun_00.jpg     2.2MB
    met_827419_Square_vase_with_archaic-style_motifs__fangzun_01.jpg     1.9MB
    met_827419_Square_vase_with_archaic-style_motifs__fangzun_02.jpg     1.8MB
    met_827419_Square_vase_with_archaic-style_motifs__fangzun_03.jpg     1.9MB
    met_827419_Square_vase_with_archaic-style_motifs__fangzun_04.jpg     2.0MB
    met_827583_Three_Textile_Fragments_in_Two_Mounts_00.jpg              1.7MB
    met_827583_Three_Textile_Fragments_in_Two_Mounts_01.jpg              1.1MB
    met_829380_Jizō_Bosatsu__Sanskrit__Ksitigharba_00.jpg                3.8MB
    met_829380_Jizō_Bosatsu__Sanskrit__Ksitigharba_01.jpg                2.0MB
    met_837895_Dragons_chasing_flaming_pearls_00.jpg                     4.6MB
    met_837895_Dragons_chasing_flaming_pearls_01.jpg                     4.4MB
    met_839090_Ritual_wine_cup__jue_00.jpg                               1.0MB
    met_839090_Ritual_wine_cup__jue_01.jpg                               1.0MB
    met_839090_Ritual_wine_cup__jue_02.jpg                               1.0MB
    met_839090_Ritual_wine_cup__jue_03.jpg                               2.4MB
    met_839091_Tripod_incense_burner_00.jpg                              1.3MB
    met_839091_Tripod_incense_burner_01.jpg                              1.2MB
    met_839091_Tripod_incense_burner_02.jpg                              1.3MB
    met_839091_Tripod_incense_burner_03.jpg                              1.3MB
    met_839091_Tripod_incense_burner_04.jpg                              7.0MB
    met_842983_Hexagonal_vase_with_cloud-shaped_handles_00.jpg           1.6MB
    met_842983_Hexagonal_vase_with_cloud-shaped_handles_01.jpg           1.6MB
    met_843762_Inkstone_with_dragon_and_carp_00.jpg                      2.7MB
    met_843762_Inkstone_with_dragon_and_carp_01.jpg                      1.5MB
    met_852634_Hexagonal_flower_vase_with_magic_fungus_handles_00.jpg    1.5MB
    met_852634_Hexagonal_flower_vase_with_magic_fungus_handles_01.jpg    1.5MB
    met_852635_Flower_vase_with_animal-head_handles_00.jpg               2.2MB
    met_852635_Flower_vase_with_animal-head_handles_01.jpg               2.1MB
    met_852636_Long_neck_vase_with_tubular_handles_00.jpg                1.4MB
    met_852636_Long_neck_vase_with_tubular_handles_01.jpg                1.4MB
    met_852637_Vase_with_dragon_handles_00.jpg                           1.8MB
    met_852637_Vase_with_dragon_handles_01.jpg                           1.8MB
    met_853186_Fudō_Myōō__Achala_Vidyaraja__The_Immovable_Wisdom_King_   3.7MB
    met_853186_Fudō_Myōō__Achala_Vidyaraja__The_Immovable_Wisdom_King_   1.8MB
    met_892108_Miroku_Bosatsu__Bodhisattva_Maitreya__in_Welcoming_Desc   2.2MB
    met_892108_Miroku_Bosatsu__Bodhisattva_Maitreya__in_Welcoming_Desc   1.1MB
    met_893395_Ritual_water_vessel__lei_00.jpg                           2.0MB
    met_893395_Ritual_water_vessel__lei_01.jpg                           2.0MB
    met_893395_Ritual_water_vessel__lei_02.jpg                           2.0MB
    met_893395_Ritual_water_vessel__lei_03.jpg                           2.0MB
    met_893395_Ritual_water_vessel__lei_04.jpg                           2.0MB
    met_893395_Ritual_water_vessel__lei_05.jpg                           2.0MB
    met_897777_Paperweight_in_the_shape_of_a_horse_00.jpg                1.0MB
    met_897777_Paperweight_in_the_shape_of_a_horse_01.jpg                1.0MB
    met_897777_Paperweight_in_the_shape_of_a_horse_02.jpg                1.0MB
  [met] 800/804 scanned, 1666 imgs
    met_912892_Ritual_grain_container__fu_00.jpg                         2.3MB
    met_912892_Ritual_grain_container__fu_01.jpg                         2.6MB
    met_912892_Ritual_grain_container__fu_02.jpg                         2.3MB
    met_912892_Ritual_grain_container__fu_03.jpg                         2.5MB
    met_912892_Ritual_grain_container__fu_04.jpg                         2.3MB
    met_912892_Ritual_grain_container__fu_05.jpg                         2.8MB
    met_912892_Ritual_grain_container__fu_06.jpg                         2.7MB
    met_912892_Ritual_grain_container__fu_07.jpg                         6.0MB
    met_912998_Mandala_in_Sanskrit_with_Buddhas__Bodhisattvas__and_Eig   2.0MB
    met_912998_Mandala_in_Sanskrit_with_Buddhas__Bodhisattvas__and_Eig   1.3MB
    met_935509_Descent_of_Deities_to_Earth_00.jpg                        2.8MB
    met_935509_Descent_of_Deities_to_Earth_01.jpg                        1.8MB
  [met] 800 objects indexed, 1678 images downloaded
RECORDS: 800
